x,lat,long,17ka,16ka,15ka,14ka,13ka,12ka,11ka,10ka,9ka,8ka,7ka,6ka,5ka,4ka,3ka,2ka,1ka,0ka
GIAs,5,-94,-105.92,-102.19,-95.17,-70.46,-59.33,-48.99,-32.49,-22.01,-13.36,-6.71,-1.72,-0.18,-0.05,0.11,0.08,0.05,0.02,0
GIAs,5,-92,-106.13,-102.4,-95.39,-70.74,-59.61,-49.28,-32.81,-22.32,-13.64,-6.97,-1.94,-0.35,-0.17,0.03,0.03,0.02,0,0
GIAs,5,-90,-106.49,-102.77,-95.78,-71.18,-60.04,-49.68,-33.23,-22.72,-14.01,-7.3,-2.23,-0.57,-0.34,-0.08,-0.05,-0.02,-0.02,0
GIAs,5,-88,-106.89,-103.18,-96.18,-71.67,-60.54,-50.17,-33.75,-23.21,-14.47,-7.71,-2.58,-0.85,-0.55,-0.24,-0.15,-0.08,-0.04,0
GIAs,5,-86,-107.2,-103.5,-96.54,-72.12,-61,-50.65,-34.26,-23.72,-14.95,-8.15,-2.97,-1.17,-0.79,-0.41,-0.27,-0.16,-0.08,0
GIAs,5,-84,-107.2,-103.53,-96.6,-72.32,-61.28,-50.97,-34.65,-24.15,-15.37,-8.55,-3.35,-1.48,-1.04,-0.6,-0.4,-0.24,-0.12,0
GIAs,5,-82,-106.6,-102.97,-96.1,-72.02,-61.11,-50.92,-34.77,-24.37,-15.66,-8.88,-3.69,-1.79,-1.29,-0.81,-0.56,-0.34,-0.16,0
GIAs,5,-80,-104.18,-100.63,-93.89,-70.1,-59.45,-49.51,-33.7,-23.57,-15.11,-8.54,-3.5,-1.7,-1.26,-0.81,-0.58,-0.36,-0.18,0
GIAs,5,-78,-93.44,-90.05,-83.57,-60.54,-50.78,-41.75,-27.01,-17.96,-10.51,-4.87,-0.65,0.47,0.35,0.35,0.2,0.11,0.03,0
GIAs,5,-76,-79.02,-75.83,-69.72,-47.7,-39.08,-31.25,-17.93,-10.29,-4.22,0.16,3.24,3.41,2.55,1.94,1.29,0.77,0.34,0
GIAs,5,-74,-75.68,-72.57,-66.56,-44.82,-36.51,-28.99,-16.04,-8.78,-3.05,1.02,3.82,3.78,2.78,2.07,1.35,0.8,0.34,0
GIAs,5,-72,-76,-72.92,-66.94,-45.24,-36.96,-29.46,-16.57,-9.31,-3.58,0.49,3.34,3.37,2.45,1.8,1.16,0.68,0.28,0
GIAs,5,-70,-76.41,-73.31,-67.32,-45.63,-37.35,-29.84,-16.96,-9.69,-3.93,0.17,3.06,3.14,2.27,1.67,1.07,0.62,0.26,0
GIAs,5,-68,-76.51,-73.41,-67.41,-45.71,-37.41,-29.91,-17.04,-9.76,-4.01,0.1,2.99,3.09,2.24,1.65,1.06,0.61,0.26,0
GIAs,5,-66,-76.4,-73.31,-67.32,-45.54,-37.25,-29.76,-16.91,-9.66,-3.93,0.16,3.04,3.13,2.27,1.67,1.07,0.62,0.26,0
GIAs,5,-64,-76.16,-73.05,-67.03,-45.21,-36.93,-29.48,-16.65,-9.43,-3.73,0.33,3.17,3.24,2.35,1.74,1.12,0.65,0.27,0
GIAs,5,-62,-75.9,-72.77,-66.72,-44.82,-36.54,-29.09,-16.28,-9.08,-3.42,0.59,3.4,3.43,2.5,1.85,1.2,0.7,0.3,0
GIAs,5,-60,-76.2,-73.06,-66.98,-44.9,-36.56,-29.09,-16.24,-9.01,-3.33,0.7,3.51,3.54,2.59,1.93,1.26,0.74,0.32,0
GIAs,5,-58,-77.72,-74.53,-68.38,-46.08,-37.61,-30.01,-17,-9.63,-3.82,0.31,3.25,3.36,2.47,1.86,1.22,0.72,0.31,0
GIAs,5,-56,-79.47,-76.23,-69.98,-47.44,-38.83,-31.09,-17.9,-10.35,-4.38,-0.09,2.98,3.2,2.39,1.82,1.2,0.72,0.31,0
GIAs,5,-54,-81.5,-78.2,-71.87,-49.03,-40.24,-32.35,-18.92,-11.17,-5,-0.55,2.68,3,2.26,1.75,1.17,0.71,0.31,0
GIAs,7,-94,-105.99,-102.3,-95.43,-71.41,-60.36,-50.04,-33.54,-23,-14.23,-7.45,-2.31,-0.59,-0.32,-0.06,-0.02,0,0,0
GIAs,7,-92,-106.32,-102.62,-95.76,-71.79,-60.76,-50.43,-33.96,-23.41,-14.61,-7.8,-2.61,-0.84,-0.51,-0.19,-0.11,-0.05,-0.03,0
GIAs,7,-90,-106.65,-102.96,-96.11,-72.23,-61.2,-50.89,-34.45,-23.89,-15.07,-8.22,-2.97,-1.13,-0.74,-0.36,-0.23,-0.13,-0.06,0
GIAs,7,-88,-106.68,-103.01,-96.18,-72.38,-61.4,-51.13,-34.75,-24.22,-15.4,-8.54,-3.28,-1.39,-0.94,-0.51,-0.34,-0.19,-0.09,0
GIAs,7,-86,-105.64,-102.01,-95.25,-71.58,-60.71,-50.54,-34.33,-23.91,-15.19,-8.4,-3.19,-1.33,-0.89,-0.48,-0.32,-0.18,-0.09,0
GIAs,7,-84,-103.1,-99.51,-92.79,-69.35,-58.69,-48.77,-32.85,-22.68,-14.2,-7.63,-2.58,-0.85,-0.53,-0.21,-0.13,-0.07,-0.04,0
GIAs,7,-82,-98.94,-95.42,-88.83,-65.73,-55.45,-45.91,-30.47,-20.75,-12.68,-6.42,-1.65,-0.14,0.02,0.2,0.16,0.11,0.05,0
GIAs,7,-80,-97.82,-94.35,-87.85,-64.95,-54.79,-45.37,-30.09,-20.5,-12.55,-6.41,-1.72,-0.23,-0.08,0.11,0.08,0.06,0.02,0
GIAs,7,-78,-91.25,-87.9,-81.6,-59.15,-49.57,-40.68,-26.07,-17.15,-9.82,-4.25,-0.08,0.99,0.81,0.73,0.49,0.3,0.13,0
GIAs,7,-76,-78.99,-75.78,-69.74,-48.12,-39.48,-31.61,-18.25,-10.55,-4.41,0.05,3.24,3.5,2.68,2.07,1.4,0.86,0.38,0
GIAs,7,-74,-75.24,-72.11,-66.16,-44.81,-36.48,-28.96,-16.01,-8.7,-2.96,1.14,4.02,4.03,3.03,2.29,1.52,0.91,0.4,0
GIAs,7,-72,-75.35,-72.23,-66.31,-45.01,-36.74,-29.27,-16.37,-9.12,-3.38,0.72,3.62,3.67,2.73,2.05,1.35,0.8,0.34,0
GIAs,7,-70,-75.63,-72.52,-66.6,-45.28,-37.01,-29.53,-16.66,-9.41,-3.67,0.44,3.38,3.47,2.57,1.93,1.26,0.74,0.32,0
GIAs,7,-68,-75.69,-72.58,-66.64,-45.26,-36.99,-29.5,-16.66,-9.42,-3.68,0.42,3.35,3.45,2.56,1.92,1.26,0.75,0.32,0
GIAs,7,-66,-75.65,-72.53,-66.57,-45.13,-36.84,-29.37,-16.53,-9.3,-3.58,0.51,3.43,3.51,2.61,1.97,1.3,0.77,0.33,0
GIAs,7,-64,-75.42,-72.29,-66.3,-44.77,-36.47,-29,-16.18,-8.98,-3.29,0.76,3.63,3.69,2.76,2.08,1.39,0.83,0.36,0
GIAs,7,-62,-75.97,-72.82,-66.81,-45.09,-36.71,-29.2,-16.31,-9.06,-3.34,0.73,3.64,3.73,2.82,2.16,1.46,0.88,0.39,0
GIAs,7,-60,-79.44,-76.22,-70.09,-48.07,-39.43,-31.65,-18.43,-10.87,-4.84,-0.46,2.72,3.04,2.31,1.8,1.21,0.73,0.32,0
GIAs,7,-58,-87.18,-83.87,-77.52,-54.91,-45.68,-37.3,-23.38,-15.1,-8.38,-3.34,0.5,1.35,1.05,0.87,0.57,0.34,0.14,0
GIAs,7,-56,-94,-90.56,-84.03,-60.82,-51.05,-42.15,-27.48,-18.49,-11.11,-5.51,-1.22,0.04,0.06,0.17,0.08,0.04,0,0
GIAs,7,-54,-96.9,-93.37,-86.74,-63.18,-53.17,-44,-29.03,-19.74,-12.09,-6.26,-1.77,-0.36,-0.23,-0.04,-0.05,-0.04,-0.03,0
GIAs,9,-94,-106.34,-102.68,-95.97,-72.62,-61.69,-51.41,-34.95,-24.35,-15.47,-8.52,-3.16,-1.23,-0.78,-0.37,-0.22,-0.12,-0.06,0
GIAs,9,-92,-106.6,-102.96,-96.28,-73.02,-62.11,-51.83,-35.4,-24.82,-15.92,-8.94,-3.54,-1.55,-1.03,-0.56,-0.36,-0.2,-0.09,0
GIAs,9,-90,-106.55,-102.94,-96.27,-73.12,-62.27,-52.04,-35.7,-25.16,-16.28,-9.31,-3.88,-1.84,-1.26,-0.74,-0.49,-0.28,-0.14,0
GIAs,9,-88,-104.96,-101.4,-94.81,-71.81,-61.1,-51.01,-34.87,-24.49,-15.78,-8.93,-3.61,-1.65,-1.13,-0.65,-0.44,-0.26,-0.13,0
GIAs,9,-86,-100.03,-96.51,-89.99,-67.29,-56.93,-47.22,-31.55,-21.65,-13.39,-6.98,-2.05,-0.42,-0.19,0.04,0.04,0.03,0.01,0
GIAs,9,-84,-93.73,-90.3,-83.94,-61.72,-51.91,-42.78,-27.67,-18.34,-10.63,-4.73,-0.26,0.99,0.91,0.87,0.62,0.4,0.18,0
GIAs,9,-82,-91.7,-88.27,-81.97,-59.97,-50.35,-41.43,-26.67,-17.58,-10.06,-4.32,0.03,1.22,1.1,1.02,0.74,0.48,0.22,0
GIAs,9,-80,-93.7,-90.26,-83.94,-61.89,-52.16,-43.09,-28.27,-19.02,-11.35,-5.47,-0.95,0.43,0.49,0.56,0.42,0.28,0.13,0
GIAs,9,-78,-93,-89.61,-83.33,-61.31,-51.6,-42.59,-27.86,-18.76,-11.2,-5.4,-0.96,0.38,0.42,0.49,0.35,0.23,0.1,0
GIAs,9,-76,-84.51,-81.22,-75.13,-53.67,-44.65,-36.34,-22.46,-14.24,-7.53,-2.39,1.41,2.18,1.76,1.45,1,0.63,0.28,0
GIAs,9,-74,-77.87,-74.68,-68.73,-47.61,-39.08,-31.3,-18.05,-10.47,-4.37,0.07,3.28,3.58,2.78,2.17,1.48,0.91,0.41,0
GIAs,9,-72,-77.41,-74.26,-68.36,-47.25,-38.79,-31.09,-17.92,-10.38,-4.34,0.03,3.2,3.48,2.68,2.08,1.4,0.85,0.38,0
GIAs,9,-70,-76.98,-73.81,-67.9,-46.83,-38.41,-30.77,-17.69,-10.23,-4.27,0.04,3.16,3.43,2.64,2.04,1.38,0.84,0.37,0
GIAs,9,-68,-77.86,-74.67,-68.71,-47.5,-39.01,-31.31,-18.18,-10.67,-4.65,-0.29,2.88,3.21,2.47,1.92,1.3,0.79,0.35,0
GIAs,9,-66,-78.83,-75.62,-69.61,-48.27,-39.71,-31.93,-18.72,-11.14,-5.04,-0.6,2.64,3.04,2.35,1.84,1.25,0.76,0.34,0
GIAs,9,-64,-78.82,-75.6,-69.57,-48.12,-39.51,-31.73,-18.52,-10.96,-4.88,-0.48,2.77,3.17,2.48,1.97,1.36,0.84,0.38,0
GIAs,9,-62,-81.21,-77.95,-71.85,-50.14,-41.35,-33.39,-19.97,-12.2,-5.94,-1.35,2.2,2.84,2.33,1.96,1.44,0.87,0.39,0
GIAs,9,-60,-90.19,-86.8,-80.49,-58.17,-48.7,-40.04,-25.82,-17.19,-10.07,-4.65,-0.47,0.71,0.66,0.67,0.5,0.32,0.14,0
GIAs,9,-58,-100.37,-96.84,-90.23,-67.01,-56.71,-47.21,-31.99,-22.41,-14.39,-8.17,-3.29,-1.51,-1.07,-0.64,-0.44,-0.27,-0.14,0
GIAs,9,-56,-104.75,-101.13,-94.38,-70.71,-60.03,-50.16,-34.5,-24.49,-16.08,-9.51,-4.32,-2.31,-1.67,-1.07,-0.75,-0.45,-0.22,0
GIAs,9,-54,-105.98,-102.28,-95.42,-71.46,-60.62,-50.61,-34.78,-24.64,-16.13,-9.49,-4.27,-2.25,-1.61,-1.02,-0.71,-0.42,-0.21,0
GIAs,11,-94,-106.29,-102.71,-96.21,-73.7,-62.95,-52.75,-36.35,-25.77,-16.81,-9.72,-4.17,-2.02,-1.37,-0.8,-0.52,-0.3,-0.14,0
GIAs,11,-92,-105.74,-102.21,-95.74,-73.34,-62.69,-52.56,-36.31,-25.81,-16.92,-9.89,-4.34,-2.18,-1.5,-0.91,-0.6,-0.35,-0.17,0
GIAs,11,-90,-104.2,-100.7,-94.32,-72.1,-61.6,-51.63,-35.58,-25.25,-16.51,-9.61,-4.16,-2.06,-1.44,-0.87,-0.59,-0.35,-0.17,0
GIAs,11,-88,-99.52,-96.08,-89.8,-67.89,-57.72,-48.1,-32.49,-22.61,-14.3,-7.81,-2.74,-0.96,-0.6,-0.27,-0.18,-0.11,-0.06,0
GIAs,11,-86,-88.49,-85.17,-79.07,-57.75,-48.35,-39.58,-25.02,-16.19,-8.93,-3.42,0.76,1.78,1.51,1.3,0.91,0.58,0.26,0
GIAs,11,-84,-85.09,-81.79,-75.76,-54.73,-45.62,-37.19,-23.05,-14.54,-7.58,-2.35,1.62,2.47,2.06,1.72,1.22,0.78,0.36,0
GIAs,11,-82,-96.02,-92.61,-86.35,-64.62,-54.7,-45.42,-30.29,-20.82,-12.88,-6.71,-1.87,-0.25,-0.01,0.2,0.16,0.12,0.05,0
GIAs,11,-80,-102.09,-98.61,-92.23,-70.21,-59.89,-50.15,-34.54,-24.53,-16.05,-9.35,-4.04,-1.96,-1.32,-0.76,-0.49,-0.28,-0.13,0
GIAs,11,-78,-102.79,-99.3,-92.9,-70.85,-60.48,-50.69,-35.05,-25.01,-16.51,-9.77,-4.42,-2.27,-1.56,-0.93,-0.61,-0.35,-0.17,0
GIAs,11,-76,-97.56,-94.13,-87.83,-66.03,-56.05,-46.7,-31.59,-22.09,-14.06,-7.76,-2.83,-1.03,-0.62,-0.25,-0.15,-0.07,-0.04,0
GIAs,11,-74,-89.06,-85.71,-79.58,-58.3,-48.96,-40.28,-25.98,-17.29,-10.08,-4.57,-0.32,0.9,0.84,0.82,0.59,0.38,0.17,0
GIAs,11,-72,-86.3,-82.98,-76.93,-55.83,-46.72,-38.32,-24.31,-15.89,-8.97,-3.73,0.36,1.42,1.23,1.1,0.78,0.5,0.22,0
GIAs,11,-70,-86.45,-83.16,-77.11,-55.96,-46.86,-38.46,-24.5,-16.11,-9.19,-3.94,0.12,1.21,1.06,0.96,0.68,0.44,0.2,0
GIAs,11,-68,-90.5,-87.13,-80.93,-59.39,-49.96,-41.23,-26.91,-18.18,-10.94,-5.41,-1.03,0.3,0.36,0.44,0.31,0.2,0.09,0
GIAs,11,-66,-93.86,-90.44,-84.14,-62.19,-52.46,-43.46,-28.83,-19.8,-12.25,-6.44,-1.88,-0.37,-0.16,0.06,0.05,0.04,0.01,0
GIAs,11,-64,-93.09,-89.68,-83.42,-61.49,-51.8,-42.88,-28.34,-19.4,-11.96,-6.24,-1.67,-0.16,0.02,0.22,0.18,0.14,0.06,0
GIAs,11,-62,-95.74,-92.28,-85.91,-63.57,-53.65,-44.49,-29.66,-20.47,-12.82,-6.89,-2.22,-0.57,-0.26,0.04,0.08,0.09,0.04,0
GIAs,11,-60,-101.4,-97.85,-91.31,-68.5,-58.1,-48.49,-33.14,-23.4,-15.22,-8.82,-3.75,-1.77,-1.18,-0.66,-0.42,-0.23,-0.11,0
GIAs,11,-58,-105.81,-102.15,-95.44,-72.17,-61.4,-51.43,-35.64,-25.5,-16.92,-10.19,-4.82,-2.6,-1.83,-1.14,-0.76,-0.45,-0.21,0
GIAs,11,-56,-107.11,-103.38,-96.58,-73.01,-62.09,-51.97,-36.02,-25.74,-17.06,-10.26,-4.84,-2.61,-1.83,-1.14,-0.76,-0.44,-0.21,0
GIAs,11,-54,-106.96,-103.2,-96.34,-72.54,-61.55,-51.4,-35.42,-25.15,-16.51,-9.76,-4.41,-2.27,-1.56,-0.94,-0.62,-0.36,-0.17,0
GIAs,13,-94,-103.51,-100.07,-93.85,-72.33,-61.95,-52.05,-36.01,-25.67,-16.88,-9.89,-4.34,-2.16,-1.47,-0.87,-0.58,-0.34,-0.16,0
GIAs,13,-92,-99.83,-96.43,-90.3,-69.04,-58.95,-49.34,-33.67,-23.72,-15.29,-8.64,-3.38,-1.43,-0.93,-0.48,-0.31,-0.18,-0.09,0
GIAs,13,-90,-94.81,-91.5,-85.51,-64.59,-54.88,-45.65,-30.46,-20.97,-13.01,-6.79,-1.94,-0.32,-0.09,0.12,0.09,0.07,0.02,0
GIAs,13,-88,-87.29,-84.1,-78.31,-58,-48.81,-40.11,-25.59,-16.8,-9.51,-3.94,0.33,1.45,1.26,1.11,0.78,0.49,0.22,0
GIAs,13,-86,-78.94,-75.79,-70.1,-50.09,-41.49,-33.48,-19.81,-11.86,-5.4,-0.59,3,3.53,2.86,2.3,1.61,1.01,0.46,0
GIAs,13,-84,-80.94,-77.74,-71.96,-51.87,-43.17,-35.08,-21.37,-13.31,-6.7,-1.74,2.09,2.87,2.39,1.99,1.41,0.9,0.42,0
GIAs,13,-82,-95.37,-92.02,-85.96,-65.02,-55.33,-46.17,-31.21,-21.84,-13.89,-7.64,-2.65,-0.82,-0.4,-0.05,0.01,0.04,0.02,0
GIAs,13,-80,-104.74,-101.26,-94.99,-73.53,-63.11,-53.22,-37.39,-27.13,-18.33,-11.29,-5.6,-3.13,-2.17,-1.35,-0.88,-0.51,-0.23,0
GIAs,13,-78,-106.94,-103.41,-97.06,-75.41,-64.85,-54.76,-38.75,-28.29,-19.29,-12.07,-6.23,-3.63,-2.53,-1.61,-1.05,-0.61,-0.28,0
GIAs,13,-76,-105.61,-102.09,-95.74,-74.1,-63.6,-53.61,-37.76,-27.44,-18.6,-11.51,-5.79,-3.28,-2.27,-1.41,-0.92,-0.53,-0.24,0
GIAs,13,-74,-102.87,-99.39,-93.07,-71.5,-61.16,-51.38,-35.79,-25.76,-17.19,-10.38,-4.91,-2.6,-1.76,-1.04,-0.67,-0.38,-0.17,0
GIAs,13,-72,-100.49,-97.03,-90.75,-69.24,-59.09,-49.52,-34.19,-24.41,-16.09,-9.5,-4.23,-2.09,-1.37,-0.77,-0.48,-0.26,-0.12,0
GIAs,13,-70,-101.21,-97.74,-91.43,-69.83,-59.62,-50.03,-34.65,-24.84,-16.49,-9.87,-4.56,-2.35,-1.59,-0.93,-0.6,-0.34,-0.16,0
GIAs,13,-68,-103.51,-100,-93.61,-71.72,-61.32,-51.54,-35.98,-25.96,-17.44,-10.68,-5.22,-2.89,-2,-1.24,-0.82,-0.48,-0.22,0
GIAs,13,-66,-104.82,-101.26,-94.82,-72.7,-62.16,-52.28,-36.6,-26.48,-17.86,-11.02,-5.49,-3.1,-2.17,-1.36,-0.9,-0.53,-0.25,0
GIAs,13,-64,-104.47,-100.89,-94.41,-72.15,-61.6,-51.72,-36.05,-25.98,-17.42,-10.64,-5.18,-2.84,-1.96,-1.2,-0.79,-0.45,-0.21,0
GIAs,13,-62,-103.99,-100.38,-93.85,-71.41,-60.85,-51,-35.39,-25.37,-16.89,-10.21,-4.8,-2.53,-1.71,-1.01,-0.65,-0.36,-0.17,0
GIAs,13,-60,-105.19,-101.52,-94.9,-72.18,-61.47,-51.52,-35.75,-25.64,-17.06,-10.3,-4.87,-2.58,-1.75,-1.03,-0.66,-0.37,-0.17,0
GIAs,13,-58,-106.35,-102.64,-95.94,-72.92,-62.08,-52,-36.11,-25.88,-17.2,-10.37,-4.9,-2.6,-1.76,-1.04,-0.67,-0.38,-0.18,0
GIAs,13,-56,-106.39,-102.63,-95.87,-72.63,-61.71,-51.59,-35.67,-25.43,-16.78,-9.99,-4.57,-2.33,-1.56,-0.9,-0.57,-0.32,-0.15,0
GIAs,13,-54,-106.01,-102.24,-95.45,-71.97,-61.03,-50.93,-35,-24.8,-16.21,-9.5,-4.16,-2,-1.31,-0.72,-0.45,-0.24,-0.11,0
GIAs,15,-94,-93.55,-90.28,-84.45,-64.28,-54.74,-45.63,-30.51,-21.06,-13.09,-6.82,-1.9,-0.23,0.02,0.24,0.2,0.14,0.06,0
GIAs,15,-92,-84.65,-81.49,-75.9,-56.38,-47.53,-39.14,-24.95,-16.36,-9.22,-3.76,0.54,1.66,1.47,1.3,0.93,0.6,0.27,0
GIAs,15,-90,-79.73,-76.63,-71.11,-51.85,-43.34,-35.3,-21.56,-13.48,-6.83,-1.82,2.02,2.79,2.32,1.92,1.35,0.85,0.39,0
GIAs,15,-88,-78.71,-75.64,-70.15,-50.97,-42.55,-34.6,-21,-13.03,-6.49,-1.57,2.2,2.93,2.43,2,1.41,0.88,0.4,0
GIAs,15,-86,-79.22,-76.11,-70.57,-51.36,-42.89,-34.93,-21.32,-13.34,-6.75,-1.81,1.99,2.78,2.33,1.94,1.37,0.87,0.4,0
GIAs,15,-84,-83.4,-80.24,-74.64,-55.24,-46.59,-38.43,-24.57,-16.26,-9.28,-3.93,0.29,1.48,1.38,1.28,0.95,0.62,0.29,0
GIAs,15,-82,-94.56,-91.26,-85.42,-65.43,-56.05,-47.14,-32.44,-23.19,-15.14,-8.75,-3.52,-1.44,-0.81,-0.31,-0.14,-0.03,-0.01,0
GIAs,15,-80,-104.25,-100.84,-94.76,-74.03,-63.83,-53.99,-38.26,-28.01,-19.15,-11.99,-6.14,-3.51,-2.4,-1.47,-0.94,-0.53,-0.24,0
GIAs,15,-78,-106.8,-103.32,-97.12,-76.16,-65.69,-55.63,-39.65,-29.16,-20.07,-12.72,-6.71,-3.94,-2.71,-1.68,-1.08,-0.61,-0.27,0
GIAs,15,-76,-106.89,-103.39,-97.14,-76.08,-65.57,-55.49,-39.49,-29.02,-19.96,-12.64,-6.67,-3.9,-2.68,-1.66,-1.06,-0.6,-0.27,0
GIAs,15,-74,-106.36,-102.87,-96.61,-75.45,-64.94,-54.9,-38.99,-28.6,-19.61,-12.37,-6.48,-3.76,-2.58,-1.6,-1.02,-0.58,-0.26,0
GIAs,15,-72,-105.59,-102.11,-95.83,-74.57,-64.09,-54.12,-38.29,-27.99,-19.12,-11.99,-6.18,-3.54,-2.42,-1.48,-0.95,-0.53,-0.24,0
GIAs,15,-70,-105.59,-102.08,-95.75,-74.4,-63.89,-53.91,-38.1,-27.82,-18.98,-11.89,-6.11,-3.49,-2.38,-1.46,-0.93,-0.53,-0.24,0
GIAs,15,-68,-106.37,-102.83,-96.46,-74.88,-64.27,-54.22,-38.35,-28.04,-19.16,-12.05,-6.25,-3.6,-2.47,-1.53,-0.99,-0.56,-0.25,0
GIAs,15,-66,-106.57,-103,-96.59,-74.83,-64.17,-54.1,-38.21,-27.89,-19.03,-11.94,-6.16,-3.53,-2.42,-1.49,-0.96,-0.54,-0.25,0
GIAs,15,-64,-105.88,-102.27,-95.8,-73.87,-63.21,-53.17,-37.35,-27.11,-18.35,-11.37,-5.7,-3.17,-2.15,-1.3,-0.83,-0.46,-0.21,0
GIAs,15,-62,-105.01,-101.38,-94.87,-72.76,-62.11,-52.14,-36.39,-26.24,-17.6,-10.76,-5.2,-2.77,-1.85,-1.07,-0.67,-0.36,-0.16,0
GIAs,15,-60,-105.31,-101.64,-95.08,-72.71,-61.98,-51.96,-36.15,-25.98,-17.35,-10.52,-5,-2.61,-1.72,-0.98,-0.61,-0.33,-0.15,0
GIAs,15,-58,-105.63,-101.92,-95.29,-72.71,-61.89,-51.83,-35.97,-25.78,-17.13,-10.31,-4.81,-2.47,-1.62,-0.91,-0.56,-0.3,-0.13,0
GIAs,15,-56,-105.48,-101.75,-95.09,-72.25,-61.4,-51.34,-35.48,-25.32,-16.71,-9.95,-4.5,-2.23,-1.44,-0.78,-0.48,-0.25,-0.11,0
GIAs,15,-54,-105.25,-101.47,-94.76,-71.71,-60.84,-50.79,-34.92,-24.8,-16.24,-9.55,-4.19,-1.99,-1.27,-0.66,-0.41,-0.21,-0.09,0
GIAs,17,-94,-81.86,-78.77,-73.41,-54.9,-46.35,-38.16,-24.19,-15.82,-8.82,-3.42,0.79,1.89,1.68,1.49,1.08,0.7,0.33,0
GIAs,17,-92,-77.63,-74.61,-69.32,-51.05,-42.82,-34.98,-21.46,-13.53,-6.92,-1.88,1.99,2.82,2.39,2,1.43,0.91,0.43,0
GIAs,17,-90,-76.24,-73.23,-67.97,-49.77,-41.62,-33.9,-20.5,-12.71,-6.23,-1.34,2.42,3.14,2.63,2.18,1.55,0.98,0.46,0
GIAs,17,-88,-83.65,-80.6,-75.22,-56.65,-48.04,-39.82,-25.85,-17.33,-10.14,-4.58,-0.19,1.12,1.1,1.06,0.77,0.5,0.23,0
GIAs,17,-86,-92.49,-89.35,-83.78,-64.7,-55.52,-46.66,-31.95,-22.71,-14.79,-8.5,-3.32,-1.32,-0.76,-0.3,-0.16,-0.07,-0.03,0
GIAs,17,-84,-97.27,-94.04,-88.34,-68.99,-59.52,-50.39,-35.34,-25.68,-17.31,-10.57,-5.03,-2.66,-1.75,-1.01,-0.63,-0.34,-0.16,0
GIAs,17,-82,-101.01,-97.72,-91.91,-72.34,-62.63,-53.26,-37.96,-27.94,-19.22,-12.15,-6.29,-3.61,-2.45,-1.49,-0.94,-0.52,-0.23,0
GIAs,17,-80,-104.39,-101.02,-95.09,-75.14,-65.07,-55.34,-39.63,-29.33,-20.35,-13.02,-6.96,-4.11,-2.81,-1.74,-1.1,-0.62,-0.27,0
GIAs,17,-78,-104.39,-100.98,-95,-74.93,-64.81,-54.95,-39.2,-28.89,-19.92,-12.63,-6.63,-3.82,-2.57,-1.55,-0.96,-0.52,-0.23,0
GIAs,17,-76,-104.4,-100.98,-94.92,-74.65,-64.4,-54.54,-38.82,-28.53,-19.6,-12.37,-6.42,-3.66,-2.44,-1.45,-0.89,-0.48,-0.21,0
GIAs,17,-74,-104.15,-100.7,-94.6,-74.19,-63.91,-54.07,-38.38,-28.14,-19.28,-12.14,-6.26,-3.53,-2.34,-1.38,-0.85,-0.46,-0.2,0
GIAs,17,-72,-102.59,-99.13,-92.99,-72.5,-62.25,-52.48,-36.91,-26.84,-18.15,-11.18,-5.47,-2.9,-1.85,-1.02,-0.6,-0.31,-0.13,0
GIAs,17,-70,-102.08,-98.61,-92.45,-71.77,-61.49,-51.74,-36.22,-26.22,-17.6,-10.71,-5.08,-2.59,-1.62,-0.84,-0.48,-0.23,-0.09,0
GIAs,17,-68,-104.18,-100.68,-94.45,-73.5,-63.07,-53.17,-37.48,-27.31,-18.55,-11.52,-5.74,-3.12,-2.03,-1.15,-0.7,-0.37,-0.16,0
GIAs,17,-66,-105.43,-101.89,-95.56,-74.39,-63.85,-53.86,-38.08,-27.83,-18.99,-11.91,-6.08,-3.4,-2.26,-1.33,-0.82,-0.45,-0.2,0
GIAs,17,-64,-104.36,-100.78,-94.43,-73.11,-62.6,-52.71,-37.05,-26.92,-18.22,-11.29,-5.59,-3.04,-2,-1.16,-0.7,-0.37,-0.16,0
GIAs,17,-62,-102.31,-98.72,-92.39,-71.05,-60.69,-50.99,-35.56,-25.7,-17.27,-10.6,-4.99,-2.58,-1.67,-0.89,-0.51,-0.25,-0.1,0
GIAs,17,-60,-104.41,-100.76,-94.31,-72.49,-61.86,-51.91,-36.19,-26.1,-17.49,-10.66,-5.08,-2.63,-1.68,-0.92,-0.55,-0.29,-0.12,0
GIAs,17,-58,-105.04,-101.35,-94.84,-72.74,-62,-51.98,-36.18,-26.05,-17.41,-10.57,-5.01,-2.58,-1.65,-0.9,-0.54,-0.28,-0.12,0
GIAs,17,-56,-104.97,-101.25,-94.7,-72.35,-61.56,-51.55,-35.73,-25.61,-17.01,-10.25,-4.76,-2.39,-1.52,-0.81,-0.49,-0.25,-0.11,0
GIAs,17,-54,-104.75,-101.01,-94.4,-71.84,-61.03,-51.02,-35.21,-25.13,-16.59,-9.89,-4.47,-2.18,-1.37,-0.72,-0.43,-0.22,-0.1,0
GIAs,19,-94,-90.57,-87.53,-82.29,-64.21,-55.31,-46.65,-32.05,-22.9,-15.01,-8.59,-3.37,-1.34,-0.76,-0.28,-0.14,-0.05,-0.02,0
GIAs,19,-92,-84.91,-81.92,-76.78,-59.23,-50.81,-42.67,-28.7,-20.12,-12.66,-6.71,-1.87,-0.13,0.2,0.44,0.38,0.28,0.14,0
GIAs,19,-90,-79.05,-76.12,-71.04,-53.62,-45.52,-37.68,-24.19,-16.15,-9.3,-3.95,0.33,1.6,1.54,1.44,1.08,0.72,0.35,0
GIAs,19,-88,-85.36,-82.35,-77.11,-59.35,-50.76,-42.44,-28.39,-19.74,-12.31,-6.42,-1.63,0.06,0.37,0.59,0.5,0.36,0.18,0
GIAs,19,-86,-98.88,-95.73,-90.25,-71.73,-62.26,-52.98,-37.77,-27.9,-19.24,-12.17,-6.3,-3.62,-2.45,-1.49,-0.95,-0.54,-0.24,0
GIAs,19,-84,-103.75,-100.54,-94.91,-76.11,-66.31,-56.71,-41.14,-30.87,-21.81,-14.34,-8.09,-5.03,-3.52,-2.27,-1.49,-0.86,-0.39,0
GIAs,19,-82,-104.18,-100.92,-95.22,-76.26,-66.41,-56.74,-41.14,-30.84,-21.78,-14.3,-8.04,-4.97,-3.46,-2.21,-1.42,-0.82,-0.36,0
GIAs,19,-80,-102.75,-99.44,-93.72,-74.66,-64.82,-55.22,-39.73,-29.56,-20.64,-13.34,-7.24,-4.32,-2.95,-1.82,-1.15,-0.63,-0.28,0
GIAs,19,-78,-99.43,-96.11,-90.34,-71.27,-61.55,-52.13,-36.89,-27.03,-18.44,-11.5,-5.74,-3.14,-2.04,-1.13,-0.66,-0.33,-0.13,0
GIAs,19,-76,-98.2,-94.85,-89.04,-69.8,-60.08,-50.72,-35.56,-25.86,-17.43,-10.66,-5.07,-2.58,-1.58,-0.78,-0.41,-0.18,-0.06,0
GIAs,19,-74,-99.09,-95.76,-89.91,-70.51,-60.71,-51.28,-36.09,-26.35,-17.89,-11.09,-5.49,-2.83,-1.75,-0.9,-0.5,-0.23,-0.09,0
GIAs,19,-72,-95.68,-92.35,-86.47,-67.06,-57.42,-48.2,-33.33,-23.89,-15.75,-9.27,-3.97,-1.68,-0.87,-0.24,-0.04,0.06,0.05,0
GIAs,19,-70,-94.79,-91.41,-85.54,-66,-56.36,-47.2,-32.39,-23.04,-15,-8.63,-3.43,-1.24,-0.52,0.01,0.14,0.17,0.1,0
GIAs,19,-68,-101.73,-98.29,-92.26,-72,-61.82,-52.13,-36.67,-26.71,-18.09,-11.18,-5.48,-2.86,-1.78,-0.93,-0.53,-0.25,-0.1,0
GIAs,19,-66,-104.54,-101.04,-94.88,-74.37,-64.02,-54.14,-38.47,-28.29,-19.45,-12.33,-6.43,-3.63,-2.38,-1.39,-0.85,-0.45,-0.19,0
GIAs,19,-64,-104.18,-100.65,-94.45,-73.77,-63.4,-53.56,-37.93,-27.8,-19.04,-12,-6.17,-3.43,-2.25,-1.3,-0.79,-0.42,-0.18,0
GIAs,19,-62,-103.71,-100.11,-93.85,-72.89,-62.5,-52.68,-37.12,-27.08,-18.43,-11.51,-5.77,-3.12,-2.02,-1.13,-0.68,-0.35,-0.15,0
GIAs,19,-60,-104.44,-100.8,-94.45,-73.21,-62.66,-52.74,-37.06,-26.97,-18.3,-11.38,-5.67,-3.05,-1.96,-1.1,-0.66,-0.34,-0.14,0
GIAs,19,-58,-104.76,-101.12,-94.73,-73.17,-62.55,-52.58,-36.85,-26.75,-18.08,-11.2,-5.51,-2.93,-1.89,-1.05,-0.63,-0.32,-0.14,0
GIAs,19,-56,-104.72,-101.05,-94.59,-72.8,-62.11,-52.13,-36.39,-26.32,-17.71,-10.88,-5.25,-2.74,-1.75,-0.95,-0.57,-0.29,-0.13,0
GIAs,19,-54,-104.59,-100.88,-94.39,-72.33,-61.62,-51.62,-35.89,-25.84,-17.28,-10.52,-4.97,-2.53,-1.59,-0.85,-0.51,-0.25,-0.11,0
GIAs,21,-94,-101.17,-98.13,-92.94,-75.51,-66.22,-56.92,-41.5,-31.37,-22.35,-14.82,-8.47,-5.33,-3.78,-2.48,-1.63,-0.95,-0.43,0
GIAs,21,-92,-95.05,-92.09,-87.06,-70.12,-61.44,-52.65,-37.89,-28.4,-19.92,-12.92,-6.86,-4.02,-2.74,-1.66,-1.04,-0.57,-0.25,0
GIAs,21,-90,-86.91,-83.95,-78.94,-62.28,-53.99,-45.87,-31.97,-23.31,-15.63,-9.28,-3.93,-1.64,-0.85,-0.24,-0.03,0.07,0.06,0
GIAs,21,-88,-87.99,-84.97,-79.9,-63.05,-54.56,-46.26,-32.13,-23.27,-15.42,-9.05,-3.77,-1.54,-0.76,-0.17,0.02,0.1,0.07,0
GIAs,21,-86,-98.92,-95.8,-90.49,-72.97,-63.69,-54.51,-39.38,-29.49,-20.69,-13.44,-7.32,-4.36,-2.95,-1.8,-1.13,-0.62,-0.27,0
GIAs,21,-84,-101.63,-98.47,-93.05,-75.23,-65.7,-56.3,-40.97,-30.92,-21.99,-14.62,-8.34,-5.23,-3.65,-2.33,-1.5,-0.85,-0.37,0
GIAs,21,-82,-99.41,-96.23,-90.77,-72.9,-63.42,-54.14,-39,-29.17,-20.49,-13.36,-7.32,-4.43,-3.04,-1.88,-1.18,-0.64,-0.28,0
GIAs,21,-80,-96.04,-92.87,-87.41,-69.54,-60.25,-51.19,-36.38,-26.88,-18.56,-11.73,-5.99,-3.35,-2.22,-1.26,-0.73,-0.36,-0.14,0
GIAs,21,-78,-91.15,-87.99,-82.59,-64.89,-55.92,-47.25,-32.93,-23.94,-16.15,-9.88,-4.65,-2.42,-1.55,-0.67,-0.29,-0.07,-0.01,0
GIAs,21,-76,-92.33,-89.12,-83.6,-65.57,-56.42,-47.58,-33.1,-24,-16.12,-9.8,-4.52,-2.24,-1.33,-0.57,-0.25,-0.06,0,0
GIAs,21,-74,-98.44,-95.14,-89.46,-70.91,-61.28,-51.98,-36.94,-27.28,-18.85,-12.03,-6.27,-3.54,-2.29,-1.28,-0.75,-0.38,-0.16,0
GIAs,21,-72,-99.78,-96.46,-90.73,-71.92,-62.15,-52.75,-37.61,-27.84,-19.31,-12.41,-6.59,-3.8,-2.42,-1.37,-0.81,-0.42,-0.17,0
GIAs,21,-70,-101.13,-97.74,-91.9,-72.75,-62.83,-53.28,-37.97,-28.08,-19.43,-12.41,-6.51,-3.68,-2.37,-1.34,-0.79,-0.41,-0.17,0
GIAs,21,-68,-103.51,-100.07,-94.11,-74.62,-64.5,-54.76,-39.27,-29.18,-20.34,-13.16,-7.11,-4.13,-2.73,-1.61,-0.99,-0.53,-0.23,0
GIAs,21,-66,-104.73,-101.26,-95.22,-75.41,-65.17,-55.35,-39.76,-29.59,-20.68,-13.45,-7.35,-4.32,-2.88,-1.73,-1.07,-0.58,-0.25,0
GIAs,21,-64,-104.81,-101.27,-95.18,-75.1,-64.79,-54.95,-39.34,-29.18,-20.31,-13.14,-7.11,-4.14,-2.75,-1.63,-1.01,-0.54,-0.23,0
GIAs,21,-62,-104.61,-101.04,-94.89,-74.55,-64.17,-54.33,-38.72,-28.6,-19.8,-12.7,-6.75,-3.86,-2.54,-1.49,-0.91,-0.48,-0.21,0
GIAs,21,-60,-104.64,-101.06,-94.86,-74.19,-63.74,-53.87,-38.24,-28.14,-19.39,-12.36,-6.47,-3.64,-2.37,-1.37,-0.83,-0.44,-0.19,0
GIAs,21,-58,-104.67,-101.04,-94.76,-73.85,-63.32,-53.43,-37.77,-27.68,-18.97,-12.01,-6.19,-3.42,-2.21,-1.25,-0.76,-0.4,-0.17,0
GIAs,21,-56,-104.54,-100.89,-94.57,-73.36,-62.8,-52.89,-37.22,-27.16,-18.5,-11.62,-5.87,-3.18,-2.04,-1.14,-0.68,-0.35,-0.15,0
GIAs,21,-54,-104.41,-100.73,-94.37,-72.9,-62.25,-52.34,-36.66,-26.64,-18.04,-11.23,-5.56,-2.95,-1.87,-1.02,-0.61,-0.31,-0.13,0
GIAs,23,-94,-105.88,-102.9,-97.9,-81.32,-71.92,-62.42,-46.74,-36.13,-26.53,-18.37,-11.33,-7.55,-5.43,-3.65,-2.41,-1.41,-0.63,0
GIAs,23,-92,-103.78,-100.81,-95.83,-79.33,-70.12,-60.77,-45.33,-34.95,-25.54,-17.55,-10.68,-7.01,-4.99,-3.29,-2.14,-1.23,-0.54,0
GIAs,23,-90,-100.49,-97.54,-92.43,-76.03,-67.02,-57.98,-42.91,-32.89,-23.75,-16.06,-9.45,-5.99,-4.16,-2.65,-1.68,-0.94,-0.41,0
GIAs,23,-88,-99.79,-96.81,-91.84,-75.63,-66.65,-57.69,-42.56,-32.61,-23.42,-15.76,-9.19,-5.76,-3.95,-2.49,-1.57,-0.88,-0.38,0
GIAs,23,-86,-102.26,-99.23,-94.13,-77.52,-68.25,-58.95,-43.66,-33.48,-24.27,-16.52,-9.85,-6.33,-4.42,-2.86,-1.84,-1.05,-0.46,0
GIAs,23,-84,-99.13,-96.08,-90.98,-74.37,-65.24,-56.14,-41.21,-31.38,-22.6,-15.27,-8.98,-5.75,-4.05,-2.63,-1.74,-0.93,-0.4,0
GIAs,23,-82,-93.7,-90.68,-85.58,-69.08,-60.21,-51.42,-36.96,-27.65,-19.4,-12.62,-6.83,-4.04,-2.7,-1.6,-0.96,-0.49,-0.19,0
GIAs,23,-80,-92.62,-89.58,-84.44,-67.78,-58.88,-50.13,-35.72,-26.53,-18.42,-11.78,-6.13,-3.47,-2.28,-1.28,-0.72,-0.35,-0.13,0
GIAs,23,-78,-94.07,-90.97,-85.74,-68.76,-59.75,-50.9,-36.37,-27.13,-18.96,-12.34,-6.69,-4.01,-2.78,-1.65,-0.98,-0.51,-0.21,0
GIAs,23,-76,-95.31,-92.21,-86.9,-69.85,-60.78,-51.91,-37.41,-28.17,-20.02,-13.39,-7.68,-4.92,-3.33,-1.96,-1.19,-0.63,-0.26,0
GIAs,23,-74,-100.97,-97.79,-92.32,-74.6,-65.05,-55.68,-40.57,-30.75,-22.04,-14.88,-8.7,-5.49,-3.79,-2.37,-1.49,-0.83,-0.36,0
GIAs,23,-72,-103.69,-100.45,-94.87,-76.78,-66.98,-57.37,-41.98,-31.89,-22.9,-15.48,-9.12,-5.75,-3.96,-2.49,-1.58,-0.88,-0.39,0
GIAs,23,-70,-104.45,-101.15,-95.47,-77.06,-67.13,-57.42,-41.94,-31.78,-22.75,-15.31,-8.95,-5.58,-3.81,-2.38,-1.51,-0.84,-0.37,0
GIAs,23,-68,-104.85,-101.5,-95.73,-77.01,-66.96,-57.21,-41.68,-31.48,-22.46,-15.04,-8.72,-5.38,-3.65,-2.27,-1.43,-0.79,-0.34,0
GIAs,23,-66,-104.97,-101.56,-95.71,-76.7,-66.57,-56.79,-41.21,-31.03,-22.04,-14.69,-8.43,-5.14,-3.47,-2.14,-1.34,-0.73,-0.32,0
GIAs,23,-64,-104.81,-101.35,-95.42,-76.12,-65.93,-56.13,-40.58,-30.43,-21.51,-14.24,-8.05,-4.84,-3.24,-1.97,-1.23,-0.67,-0.29,0
GIAs,23,-62,-104.67,-101.16,-95.16,-75.54,-65.28,-55.47,-39.92,-29.81,-20.95,-13.76,-7.66,-4.54,-3.02,-1.81,-1.12,-0.61,-0.26,0
GIAs,23,-60,-104.56,-101.01,-94.95,-75,-64.69,-54.88,-39.32,-29.25,-20.45,-13.33,-7.31,-4.27,-2.82,-1.67,-1.03,-0.55,-0.24,0
GIAs,23,-58,-104.47,-100.89,-94.73,-74.49,-64.12,-54.28,-38.73,-28.7,-19.95,-12.91,-6.96,-4,-2.62,-1.53,-0.94,-0.49,-0.21,0
GIAs,23,-56,-104.41,-100.78,-94.58,-74,-63.57,-53.71,-38.15,-28.14,-19.45,-12.48,-6.61,-3.73,-2.42,-1.39,-0.84,-0.44,-0.19,0
GIAs,23,-54,-104.33,-100.68,-94.43,-73.54,-63.03,-53.16,-37.59,-27.59,-18.96,-12.06,-6.26,-3.46,-2.22,-1.25,-0.75,-0.39,-0.16,0
GIAs,25,-94,-106.62,-103.76,-99.09,-83.63,-74.45,-65.02,-49.37,-38.68,-28.89,-20.44,-13.08,-8.9,-6.42,-4.35,-2.87,-1.69,-0.75,0
GIAs,25,-92,-107.34,-104.44,-99.69,-84.24,-74.98,-65.48,-49.8,-39.04,-29.16,-20.67,-13.24,-9,-6.47,-4.36,-2.87,-1.68,-0.74,0
GIAs,25,-90,-106.8,-103.92,-99.16,-83.65,-74.41,-64.92,-49.33,-38.62,-28.8,-20.37,-13.01,-8.79,-6.28,-4.21,-2.76,-1.6,-0.71,0
GIAs,25,-88,-106.67,-103.74,-98.9,-83.38,-74.12,-64.67,-49.13,-38.49,-28.71,-20.33,-12.98,-8.77,-6.27,-4.2,-2.75,-1.6,-0.71,0
GIAs,25,-86,-105.78,-102.86,-98.02,-82.45,-73.23,-63.82,-48.41,-37.91,-28.24,-20,-12.77,-8.62,-6.16,-4.12,-2.7,-1.57,-0.7,0
GIAs,25,-84,-101.56,-98.71,-93.97,-78.43,-69.34,-60.25,-45.29,-35.24,-26.02,-18.22,-11.36,-7.52,-5.32,-3.5,-2.27,-1.31,-0.57,0
GIAs,25,-82,-94.14,-91.28,-86.55,-71.36,-62.84,-54.35,-40.22,-30.85,-22.43,-15.2,-8.86,-5.55,-3.8,-2.34,-1.45,-0.79,-0.33,0
GIAs,25,-80,-93.83,-90.92,-86.04,-70.45,-61.8,-53.17,-38.9,-29.71,-21.31,-14.36,-8.29,-5.19,-3.59,-2.22,-1.36,-0.73,-0.3,0
GIAs,25,-78,-95.54,-92.62,-87.64,-71.87,-63.07,-54.32,-39.94,-30.61,-22.22,-15.25,-9.19,-6.02,-4.41,-2.76,-1.71,-0.95,-0.41,0
GIAs,25,-76,-100.7,-97.65,-92.51,-76.15,-66.93,-57.77,-42.84,-33.04,-24.21,-16.83,-10.39,-6.89,-4.96,-3.24,-2.07,-1.17,-0.51,0
GIAs,25,-74,-104.06,-100.98,-95.72,-78.92,-69.4,-59.93,-44.67,-34.54,-25.38,-17.71,-11,-7.24,-5.1,-3.32,-2.14,-1.22,-0.54,0
GIAs,25,-72,-105.35,-102.18,-96.79,-79.64,-69.95,-60.32,-44.92,-34.65,-25.41,-17.66,-10.9,-7.11,-4.95,-3.19,-2.05,-1.16,-0.51,0
GIAs,25,-70,-105.46,-102.22,-96.71,-79.24,-69.42,-59.74,-44.29,-34.04,-24.83,-17.15,-10.45,-6.73,-4.65,-2.97,-1.89,-1.06,-0.46,0
GIAs,25,-68,-105.27,-102,-96.4,-78.6,-68.69,-58.98,-43.51,-33.3,-24.15,-16.56,-9.97,-6.34,-4.34,-2.74,-1.74,-0.97,-0.42,0
GIAs,25,-66,-105.04,-101.69,-96.03,-77.89,-67.91,-58.17,-42.71,-32.54,-23.48,-15.99,-9.5,-5.97,-4.06,-2.54,-1.6,-0.89,-0.39,0
GIAs,25,-64,-104.77,-101.4,-95.65,-77.18,-67.13,-57.39,-41.93,-31.82,-22.84,-15.44,-9.06,-5.62,-3.81,-2.36,-1.48,-0.82,-0.35,0
GIAs,25,-62,-104.56,-101.15,-95.35,-76.5,-66.4,-56.66,-41.22,-31.14,-22.24,-14.94,-8.65,-5.31,-3.57,-2.19,-1.37,-0.75,-0.32,0
GIAs,25,-60,-104.39,-100.93,-95.02,-75.9,-65.7,-55.96,-40.51,-30.47,-21.63,-14.43,-8.25,-4.99,-3.33,-2.03,-1.26,-0.68,-0.3,0
GIAs,25,-58,-104.27,-100.76,-94.81,-75.3,-65.06,-55.3,-39.85,-29.82,-21.05,-13.94,-7.84,-4.67,-3.1,-1.86,-1.15,-0.62,-0.27,0
GIAs,25,-56,-104.26,-100.7,-94.66,-74.81,-64.47,-54.7,-39.23,-29.24,-20.51,-13.47,-7.44,-4.37,-2.87,-1.69,-1.04,-0.56,-0.24,0
GIAs,25,-54,-104.26,-100.64,-94.52,-74.31,-63.91,-54.1,-38.61,-28.65,-19.97,-13,-7.06,-4.06,-2.64,-1.53,-0.93,-0.49,-0.21,0
GIAs,27,-94,-102.64,-99.94,-95.68,-81.73,-73.12,-64.16,-49.11,-38.82,-29.28,-20.97,-13.62,-9.34,-6.75,-4.58,-3.04,-1.79,-0.8,0
GIAs,27,-92,-104.45,-101.74,-97.38,-83.35,-74.59,-65.52,-50.33,-39.86,-30.13,-21.69,-14.2,-9.78,-7.08,-4.81,-3.19,-1.89,-0.84,0
GIAs,27,-90,-105.26,-102.52,-98.11,-84.01,-75.13,-65.95,-50.68,-40.18,-30.41,-21.91,-14.37,-9.91,-7.16,-4.88,-3.24,-1.93,-0.86,0
GIAs,27,-88,-105.99,-103.24,-98.78,-84.57,-75.67,-66.42,-51.12,-40.62,-30.8,-22.29,-14.71,-10.19,-7.37,-5.03,-3.33,-1.97,-0.88,0
GIAs,27,-86,-104.48,-101.74,-97.26,-83.05,-74.25,-65.15,-50.1,-39.81,-30.21,-21.85,-14.4,-9.94,-7.18,-4.88,-3.23,-1.9,-0.85,0
GIAs,27,-84,-98.21,-95.47,-91.05,-77.12,-68.72,-60,-45.61,-35.99,-27,-19.23,-12.29,-8.25,-5.85,-3.88,-2.53,-1.46,-0.64,0
GIAs,27,-82,-88.53,-85.77,-81.33,-67.57,-59.61,-51.62,-38.12,-29.47,-21.42,-14.63,-8.6,-5.28,-3.54,-2.14,-1.29,-0.67,-0.27,0
GIAs,27,-80,-91.29,-88.49,-83.9,-69.69,-61.47,-53.2,-39.35,-30.42,-22.15,-15.2,-9.07,-5.75,-4,-2.53,-1.55,-0.84,-0.35,0
GIAs,27,-78,-98.99,-96.11,-91.33,-76.6,-67.88,-59.06,-44.55,-34.95,-26.1,-18.59,-11.95,-8.17,-6.01,-4.1,-2.53,-1.44,-0.63,0
GIAs,27,-76,-104.44,-101.49,-96.54,-81.15,-71.95,-62.65,-47.59,-37.44,-28.09,-20.13,-13.04,-8.88,-6.38,-4.29,-2.8,-1.62,-0.72,0
GIAs,27,-74,-106.13,-103.06,-97.94,-82.2,-72.79,-63.31,-48.05,-37.73,-28.27,-20.2,-13.03,-8.8,-6.24,-4.13,-2.67,-1.54,-0.68,0
GIAs,27,-72,-106.24,-103.12,-97.88,-81.77,-72.22,-62.65,-47.33,-37.02,-27.59,-19.59,-12.51,-8.34,-5.86,-3.83,-2.47,-1.4,-0.62,0
GIAs,27,-70,-105.93,-102.77,-97.45,-80.95,-71.3,-61.71,-46.38,-36.11,-26.76,-18.85,-11.9,-7.84,-5.46,-3.53,-2.26,-1.28,-0.56,0
GIAs,27,-68,-105.58,-102.35,-96.95,-80.11,-70.39,-60.77,-45.42,-35.2,-25.95,-18.18,-11.34,-7.39,-5.11,-3.28,-2.1,-1.18,-0.51,0
GIAs,27,-66,-105.32,-102.04,-96.54,-79.36,-69.55,-59.9,-44.57,-34.38,-25.22,-17.56,-10.84,-6.99,-4.81,-3.06,-1.95,-1.09,-0.48,0
GIAs,27,-64,-105.09,-101.78,-96.22,-78.64,-68.73,-59.08,-43.73,-33.6,-24.51,-16.96,-10.36,-6.62,-4.53,-2.87,-1.82,-1.01,-0.44,0
GIAs,27,-62,-104.77,-101.43,-95.8,-77.88,-67.92,-58.25,-42.88,-32.8,-23.8,-16.37,-9.87,-6.25,-4.25,-2.67,-1.68,-0.93,-0.41,0
GIAs,27,-60,-104.54,-101.17,-95.46,-77.15,-67.13,-57.44,-42.08,-32.05,-23.13,-15.79,-9.4,-5.88,-3.97,-2.47,-1.55,-0.86,-0.37,0
GIAs,27,-58,-104.43,-100.98,-95.21,-76.51,-66.39,-56.69,-41.32,-31.33,-22.48,-15.23,-8.94,-5.52,-3.7,-2.27,-1.42,-0.78,-0.34,0
GIAs,27,-56,-104.32,-100.83,-94.97,-75.87,-65.68,-55.96,-40.57,-30.59,-21.81,-14.66,-8.48,-5.16,-3.43,-2.08,-1.29,-0.7,-0.3,0
GIAs,27,-54,-104.24,-100.69,-94.73,-75.28,-65,-55.25,-39.84,-29.89,-21.18,-14.12,-8.01,-4.79,-3.16,-1.89,-1.16,-0.62,-0.27,0
GIAs,29,-94,-90.29,-87.8,-84.06,-72.04,-64.43,-56.59,-42.87,-33.74,-25.31,-17.83,-11.03,-7.23,-5.07,-3.31,-2.13,-1.22,-0.53,0
GIAs,29,-92,-91.84,-89.33,-85.53,-73.38,-65.7,-57.73,-43.74,-34.52,-25.93,-18.51,-11.77,-7.78,-5.55,-3.63,-2.36,-1.39,-0.61,0
GIAs,29,-90,-93.63,-91.08,-87.12,-74.89,-66.93,-58.69,-44.7,-35.39,-26.68,-19.16,-12.16,-8.21,-5.91,-4.03,-2.74,-1.74,-0.74,0
GIAs,29,-88,-97.35,-94.79,-90.74,-78.14,-69.96,-61.42,-47.1,-37.49,-28.48,-20.57,-13.37,-9.1,-6.53,-4.41,-2.93,-1.76,-0.81,0
GIAs,29,-86,-96.67,-94.04,-89.91,-77.34,-69.22,-60.81,-46.67,-37.27,-28.29,-20.44,-13.3,-9.06,-6.47,-4.34,-2.86,-1.67,-0.75,0
GIAs,29,-84,-90.55,-87.92,-83.77,-71.43,-63.76,-55.88,-42.45,-33.78,-25.38,-18.16,-11.41,-7.52,-5.27,-3.46,-2.24,-1.27,-0.55,0
GIAs,29,-82,-86.33,-83.66,-79.46,-66.94,-59.33,-51.53,-38.35,-29.96,-22.15,-15.45,-9.33,-5.92,-4.03,-2.53,-1.57,-0.84,-0.34,0
GIAs,29,-80,-95.3,-92.57,-88.17,-75.03,-66.8,-58.38,-44.46,-35.13,-26.49,-19.03,-12.25,-8.23,-5.82,-3.85,-2.49,-1.42,-0.63,0
GIAs,29,-78,-103.81,-100.95,-96.31,-82.58,-73.8,-64.72,-50,-39.98,-30.59,-22.44,-15.03,-10.47,-7.59,-5.17,-3.41,-1.99,-0.89,0
GIAs,29,-76,-107.21,-104.26,-99.43,-85.23,-76.1,-66.74,-51.64,-41.31,-31.65,-23.25,-15.66,-10.91,-7.87,-5.34,-3.52,-2.06,-0.92,0
GIAs,29,-74,-107.84,-104.77,-99.81,-85.14,-75.85,-66.34,-51.12,-40.75,-31.07,-22.7,-15.18,-10.46,-7.48,-5.02,-3.28,-1.9,-0.84,0
GIAs,29,-72,-107.43,-104.32,-99.21,-84.17,-74.77,-65.22,-49.99,-39.64,-30.02,-21.77,-14.38,-9.79,-6.93,-4.6,-2.98,-1.71,-0.75,0
GIAs,29,-70,-106.87,-103.7,-98.5,-83.09,-73.59,-64.04,-48.79,-38.48,-28.99,-20.89,-13.64,-9.19,-6.46,-4.25,-2.74,-1.56,-0.69,0
GIAs,29,-68,-106.46,-103.22,-97.94,-82.14,-72.57,-62.98,-47.76,-37.51,-28.11,-20.14,-13.02,-8.7,-6.08,-3.97,-2.55,-1.45,-0.63,0
GIAs,29,-66,-106.06,-102.79,-97.45,-81.25,-71.59,-62.01,-46.77,-36.61,-27.3,-19.45,-12.46,-8.26,-5.74,-3.73,-2.39,-1.35,-0.59,0
GIAs,29,-64,-105.63,-102.35,-96.96,-80.33,-70.63,-61.04,-45.82,-35.7,-26.51,-18.78,-11.91,-7.82,-5.41,-3.49,-2.24,-1.26,-0.55,0
GIAs,29,-62,-105.33,-102.02,-96.52,-79.53,-69.73,-60.13,-44.91,-34.83,-25.73,-18.12,-11.37,-7.39,-5.09,-3.26,-2.08,-1.16,-0.51,0
GIAs,29,-60,-105.05,-101.7,-96.17,-78.74,-68.87,-59.25,-44.01,-33.96,-24.94,-17.45,-10.82,-6.97,-4.77,-3.03,-1.93,-1.07,-0.47,0
GIAs,29,-58,-104.77,-101.43,-95.82,-77.99,-68.01,-58.37,-43.11,-33.11,-24.18,-16.8,-10.27,-6.54,-4.45,-2.8,-1.77,-0.98,-0.43,0
GIAs,29,-56,-104.59,-101.19,-95.51,-77.27,-67.21,-57.53,-42.25,-32.29,-23.44,-16.15,-9.73,-6.11,-4.13,-2.57,-1.61,-0.88,-0.38,0
GIAs,29,-54,-104.5,-101.01,-95.23,-76.57,-66.43,-56.73,-41.43,-31.48,-22.69,-15.51,-9.19,-5.69,-3.81,-2.34,-1.46,-0.79,-0.34,0
GIAs,31,-94,-80.6,-78.24,-74.91,-64.45,-57.38,-49.91,-36.84,-28.5,-20.74,-14.04,-8.02,-4.84,-3.19,-1.9,-1.14,-0.6,-0.23,0
GIAs,31,-92,-81.16,-78.76,-75.29,-64.81,-57.61,-50.11,-37.07,-28.7,-20.93,-14.24,-8.22,-5,-3.32,-1.99,-1.21,-0.65,-0.26,0
GIAs,31,-90,-82.25,-79.82,-76.23,-65.65,-58.39,-50.81,-37.71,-29.31,-21.49,-14.74,-8.63,-5.33,-3.57,-2.19,-1.37,-0.78,-0.33,0
GIAs,31,-88,-84.09,-81.57,-77.85,-67.18,-59.79,-52.08,-38.93,-30.46,-22.53,-15.66,-9.41,-5.93,-4.01,-2.5,-1.57,-0.89,-0.38,0
GIAs,31,-86,-84.18,-81.64,-77.8,-67,-59.59,-51.86,-38.78,-30.39,-22.49,-15.66,-9.45,-5.95,-4.01,-2.49,-1.54,-0.84,-0.35,0
GIAs,31,-84,-82.7,-80.11,-76.16,-65.25,-57.85,-50.21,-37.33,-29.14,-21.46,-14.89,-8.85,-5.47,-3.63,-2.2,-1.34,-0.71,-0.28,0
GIAs,31,-82,-85.01,-82.33,-78.23,-67.08,-59.54,-51.77,-38.74,-30.42,-22.67,-15.99,-9.76,-6.21,-4.21,-2.65,-1.64,-0.89,-0.37,0
GIAs,31,-80,-96.21,-93.44,-89.15,-77.33,-69.23,-60.79,-46.99,-37.65,-28.97,-21.31,-14.17,-9.71,-6.94,-4.68,-3.06,-1.77,-0.79,0
GIAs,31,-78,-105.03,-102.2,-97.67,-85.2,-76.47,-67.38,-52.75,-42.7,-33.22,-24.85,-17.1,-12.06,-8.75,-6,-3.98,-2.35,-1.06,0
GIAs,31,-76,-108.9,-105.87,-101.13,-88.18,-79.13,-69.68,-54.66,-44.27,-34.46,-25.81,-17.85,-12.63,-9.16,-6.28,-4.16,-2.44,-1.1,0
GIAs,31,-74,-109.91,-106.8,-101.87,-88.44,-79.16,-69.54,-54.36,-43.85,-33.96,-25.33,-17.4,-12.22,-8.8,-5.98,-3.94,-2.3,-1.03,0
GIAs,31,-72,-109.61,-106.42,-101.38,-87.48,-78.06,-68.42,-53.18,-42.69,-32.88,-24.35,-16.57,-11.52,-8.22,-5.53,-3.62,-2.09,-0.93,0
GIAs,31,-70,-108.87,-105.61,-100.48,-86.17,-76.72,-67.05,-51.82,-41.41,-31.71,-23.34,-15.73,-10.83,-7.68,-5.12,-3.33,-1.91,-0.84,0
GIAs,31,-68,-108.09,-104.8,-99.58,-84.85,-75.33,-65.69,-50.51,-40.2,-30.64,-22.41,-14.97,-10.23,-7.22,-4.78,-3.1,-1.77,-0.78,0
GIAs,31,-66,-107.35,-104.04,-98.78,-83.58,-74.01,-64.42,-49.28,-39.05,-29.62,-21.57,-14.28,-9.68,-6.8,-4.48,-2.9,-1.65,-0.72,0
GIAs,31,-64,-106.76,-103.42,-98.07,-82.5,-72.85,-63.3,-48.15,-38,-28.67,-20.76,-13.64,-9.18,-6.42,-4.21,-2.71,-1.54,-0.68,0
GIAs,31,-62,-106.2,-102.87,-97.5,-81.44,-71.77,-62.2,-47.08,-37,-27.78,-20,-13,-8.68,-6.05,-3.94,-2.53,-1.43,-0.63,0
GIAs,31,-60,-105.76,-102.44,-97.03,-80.53,-70.74,-61.18,-46.04,-36.02,-26.9,-19.25,-12.37,-8.18,-5.66,-3.66,-2.35,-1.32,-0.58,0
GIAs,31,-58,-105.41,-102.06,-96.6,-79.65,-69.8,-60.21,-45.06,-35.05,-26.02,-18.49,-11.75,-7.68,-5.28,-3.38,-2.16,-1.21,-0.53,0
GIAs,31,-56,-105.03,-101.65,-96.13,-78.77,-68.83,-59.24,-44.06,-34.09,-25.16,-17.75,-11.12,-7.18,-4.9,-3.11,-1.97,-1.1,-0.48,0
GIAs,31,-54,-104.75,-101.33,-95.74,-77.91,-67.88,-58.28,-43.07,-33.15,-24.29,-16.99,-10.48,-6.68,-4.53,-2.84,-1.79,-0.99,-0.43,0
GIAs,33,-94,-80.72,-78.45,-75.52,-66.44,-59.37,-51.85,-38.83,-30.4,-22.46,-15.54,-9.25,-5.78,-3.88,-2.38,-1.46,-0.79,-0.32,0
GIAs,33,-92,-81.12,-78.81,-75.66,-66.56,-59.43,-51.84,-38.83,-30.42,-22.5,-15.59,-9.3,-5.81,-3.88,-2.38,-1.46,-0.78,-0.32,0
GIAs,33,-90,-81.68,-79.33,-76.01,-66.83,-59.62,-51.95,-38.92,-30.53,-22.6,-15.69,-9.41,-5.88,-3.92,-2.4,-1.47,-0.79,-0.32,0
GIAs,33,-88,-82.27,-79.85,-76.34,-67.13,-59.81,-52.02,-39.01,-30.63,-22.69,-15.81,-9.53,-5.97,-3.98,-2.43,-1.48,-0.8,-0.32,0
GIAs,33,-86,-82.51,-80.04,-76.38,-67,-59.61,-51.76,-38.78,-30.39,-22.51,-15.67,-9.43,-5.86,-3.88,-2.35,-1.42,-0.75,-0.3,0
GIAs,33,-84,-82.74,-80.11,-76.24,-66.7,-59.28,-51.34,-38.35,-30.01,-22.16,-15.38,-9.2,-5.67,-3.71,-2.21,-1.32,-0.68,-0.27,0
GIAs,33,-82,-84.64,-81.9,-77.79,-68.06,-60.44,-52.38,-39.34,-30.89,-22.96,-16.13,-9.85,-6.17,-4.1,-2.5,-1.51,-0.79,-0.32,0
GIAs,33,-80,-90.9,-88.02,-83.78,-73.55,-65.64,-57.27,-43.83,-35.01,-26.68,-19.42,-12.55,-8.31,-5.74,-3.71,-2.35,-1.3,-0.56,0
GIAs,33,-78,-100.76,-97.71,-93.21,-82.44,-74.02,-65.08,-50.98,-41.44,-32.28,-23.99,-16.33,-11.31,-8.05,-5.42,-3.55,-2.05,-0.92,0
GIAs,33,-76,-108.54,-105.45,-100.71,-89.16,-80.16,-70.57,-55.7,-45.43,-35.61,-26.85,-18.74,-13.27,-9.58,-6.55,-4.35,-2.55,-1.16,0
GIAs,33,-74,-112.5,-109.35,-104.44,-92.32,-82.94,-73.07,-57.75,-47.06,-36.89,-27.89,-19.6,-13.93,-10.07,-6.89,-4.56,-2.67,-1.2,0
GIAs,33,-72,-113.37,-110.15,-105.14,-92.47,-82.95,-72.94,-57.47,-46.7,-36.48,-27.51,-19.28,-13.64,-9.82,-6.68,-4.4,-2.56,-1.14,0
GIAs,33,-70,-112.66,-109.37,-104.26,-91.1,-81.5,-71.49,-56.07,-45.35,-35.25,-26.44,-18.39,-12.91,-9.23,-6.23,-4.08,-2.36,-1.04,0
GIAs,33,-68,-111.35,-108,-102.85,-89.19,-79.55,-69.65,-54.27,-43.69,-33.79,-25.22,-17.39,-12.11,-8.62,-5.78,-3.77,-2.16,-0.95,0
GIAs,33,-66,-110.02,-106.64,-101.42,-87.31,-77.66,-67.86,-52.58,-42.16,-32.44,-24.09,-16.46,-11.37,-8.05,-5.37,-3.49,-2,-0.88,0
GIAs,33,-64,-108.81,-105.42,-100.11,-85.55,-75.91,-66.18,-51.01,-40.73,-31.2,-23.04,-15.61,-10.71,-7.55,-5.01,-3.25,-1.85,-0.82,0
GIAs,33,-62,-107.8,-104.38,-99.08,-84,-74.34,-64.69,-49.57,-39.4,-30.03,-22.06,-14.8,-10.07,-7.07,-4.66,-3.02,-1.72,-0.76,0
GIAs,33,-60,-107.03,-103.65,-98.28,-82.7,-73,-63.39,-48.31,-38.23,-28.98,-21.16,-14.05,-9.49,-6.63,-4.35,-2.81,-1.59,-0.7,0
GIAs,33,-58,-106.35,-102.97,-97.57,-81.55,-71.78,-62.18,-47.12,-37.13,-28,-20.31,-13.34,-8.93,-6.21,-4.04,-2.6,-1.47,-0.64,0
GIAs,33,-56,-105.78,-102.4,-96.96,-80.45,-70.64,-61.06,-46,-36.05,-27.01,-19.46,-12.62,-8.36,-5.78,-3.73,-2.39,-1.34,-0.59,0
GIAs,33,-54,-105.29,-101.91,-96.42,-79.44,-69.55,-59.97,-44.93,-35,-26.07,-18.63,-11.91,-7.79,-5.35,-3.42,-2.18,-1.22,-0.53,0
GIAs,35,-94,-84.59,-82.4,-79.84,-72.38,-65.03,-57.07,-43.67,-34.76,-26.27,-18.77,-11.88,-7.79,-5.35,-3.42,-2.15,-1.19,-0.5,0
GIAs,35,-92,-85.4,-83.15,-80.44,-72.88,-65.53,-57.42,-43.98,-35.04,-26.48,-18.96,-12.03,-7.89,-5.4,-3.44,-2.15,-1.19,-0.5,0
GIAs,35,-90,-86.27,-84,-81,-73.43,-65.9,-57.68,-44.25,-35.22,-26.63,-19.09,-12.15,-7.97,-5.44,-3.46,-2.16,-1.19,-0.5,0
GIAs,35,-88,-87.16,-84.9,-81.61,-73.91,-66.27,-57.9,-44.41,-35.34,-26.69,-19.14,-12.2,-7.97,-5.41,-3.42,-2.13,-1.17,-0.48,0
GIAs,35,-86,-87.71,-85.33,-81.8,-74.04,-66.26,-57.78,-44.26,-35.19,-26.51,-18.98,-12.05,-7.83,-5.28,-3.3,-2.03,-1.1,-0.45,0
GIAs,35,-84,-88.11,-85.69,-81.88,-73.94,-66.06,-57.49,-43.9,-34.8,-26.12,-18.63,-11.75,-7.53,-5,-3.08,-1.87,-0.98,-0.4,0
GIAs,35,-82,-88.93,-86.29,-82.25,-73.97,-65.97,-57.23,-43.57,-34.47,-25.8,-18.34,-11.46,-7.25,-4.75,-2.86,-1.69,-0.87,-0.34,0
GIAs,35,-80,-91.05,-88.25,-83.97,-75.29,-67.04,-58.1,-44.35,-35.12,-26.39,-18.82,-11.86,-7.53,-4.92,-2.97,-1.76,-0.9,-0.36,0
GIAs,35,-78,-96.39,-93.35,-88.85,-79.67,-71.15,-61.91,-47.84,-38.33,-29.3,-21.35,-14.02,-9.27,-6.3,-4.02,-2.54,-1.39,-0.62,0
GIAs,35,-76,-106.66,-103.59,-98.91,-89.14,-80.15,-70.46,-55.76,-45.57,-35.86,-26.95,-18.79,-13.21,-9.5,-6.56,-4.37,-2.61,-1.29,0
GIAs,35,-74,-116.37,-113.34,-108.57,-98,-88.47,-78.13,-62.52,-51.41,-40.77,-31.25,-22.34,-16.03,-11.62,-8.01,-5.35,-3.14,-1.43,0
GIAs,35,-72,-119.77,-116.7,-111.83,-100.67,-90.89,-80.29,-64.39,-52.93,-41.97,-32.25,-23.17,-16.68,-12.08,-8.32,-5.51,-3.23,-1.44,0
GIAs,35,-70,-119.53,-116.32,-111.29,-99.53,-89.61,-79.03,-63.1,-51.72,-40.88,-31.31,-22.38,-16.03,-11.57,-7.92,-5.21,-3.03,-1.35,0
GIAs,35,-68,-117.75,-114.47,-109.35,-96.91,-86.97,-76.49,-60.69,-49.53,-38.94,-29.65,-21.03,-14.95,-10.73,-7.28,-4.77,-2.76,-1.22,0
GIAs,35,-66,-115.5,-112.09,-106.83,-93.88,-83.93,-73.64,-58,-47.1,-36.82,-27.86,-19.59,-13.82,-9.86,-6.65,-4.34,-2.5,-1.1,0
GIAs,35,-64,-113.14,-109.68,-104.42,-90.83,-80.99,-70.88,-55.45,-44.8,-34.84,-26.21,-18.25,-12.76,-9.06,-6.07,-3.95,-2.27,-1,0
GIAs,35,-62,-111.22,-107.74,-102.41,-88.32,-78.45,-68.54,-53.26,-42.83,-33.13,-24.77,-17.1,-11.86,-8.38,-5.58,-3.63,-2.08,-0.91,0
GIAs,35,-60,-109.56,-106.07,-100.76,-86.14,-76.32,-66.52,-51.37,-41.09,-31.6,-23.49,-16.06,-11.05,-7.78,-5.15,-3.34,-1.9,-0.84,0
GIAs,35,-58,-108.17,-104.73,-99.4,-84.32,-74.49,-64.81,-49.72,-39.57,-30.26,-22.38,-15.12,-10.31,-7.22,-4.75,-3.08,-1.75,-0.77,0
GIAs,35,-56,-107.19,-103.73,-98.38,-82.79,-72.94,-63.35,-48.3,-38.27,-29.09,-21.36,-14.27,-9.64,-6.72,-4.39,-2.83,-1.61,-0.71,0
GIAs,35,-54,-106.31,-102.86,-97.49,-81.41,-71.56,-61.97,-46.97,-37.03,-27.98,-20.4,-13.46,-9.01,-6.24,-4.05,-2.6,-1.47,-0.64,0
GIAs,37,-94,-90.74,-88.72,-87.19,-81.49,-73.87,-65.11,-50.98,-41.15,-31.64,-23.18,-15.33,-10.37,-7.2,-4.69,-2.96,-1.65,-0.7,0
GIAs,37,-94,-94.07,-92.28,-93.22,-91,-83.74,-74.66,-59.83,-49.01,-38.29,-28.6,-19.56,-13.51,-9.42,-6.2,-3.94,-2.21,-0.93,0
GIAs,37,-92,-92.19,-90.31,-88.47,-82.82,-74.99,-66.08,-51.87,-41.89,-32.24,-23.66,-15.71,-10.62,-7.34,-4.76,-3,-1.66,-0.7,0
GIAs,37,-90,-92.87,-91.29,-89.2,-83.68,-75.79,-66.76,-52.45,-42.4,-32.63,-23.95,-15.93,-10.75,-7.4,-4.78,-3,-1.66,-0.69,0
GIAs,37,-88,-92.59,-91.44,-89.24,-83.85,-76.03,-66.96,-52.65,-42.57,-32.74,-24.01,-15.98,-10.75,-7.36,-4.72,-2.94,-1.61,-0.67,0
GIAs,37,-86,-92.73,-91.8,-89.37,-84.06,-76.31,-67.09,-52.81,-42.67,-32.77,-24.03,-15.97,-10.69,-7.27,-4.63,-2.86,-1.56,-0.64,0
GIAs,37,-84,-94.17,-93.06,-90.28,-84.83,-76.92,-67.5,-53.13,-42.85,-32.87,-24.06,-15.95,-10.6,-7.15,-4.51,-2.76,-1.48,-0.61,0
GIAs,37,-82,-96.89,-95.3,-91.97,-86.04,-77.83,-68.16,-53.54,-43.09,-32.96,-24.08,-15.92,-10.51,-7.03,-4.38,-2.65,-1.4,-0.56,0
GIAs,37,-80,-99.75,-97.64,-93.78,-87.43,-78.91,-68.94,-54.07,-43.47,-33.21,-24.27,-16.07,-10.56,-7.02,-4.35,-2.63,-1.37,-0.55,0
GIAs,37,-78,-103.28,-100.98,-96.95,-89.97,-81.25,-71.02,-55.96,-45.2,-34.81,-25.74,-17.35,-11.64,-7.89,-5.05,-3.18,-1.73,-0.74,0
GIAs,37,-76,-110.64,-108.45,-104.4,-97.02,-88.12,-77.73,-62.43,-51.33,-40.57,-31.02,-21.97,-15.54,-11.13,-7.67,-5.23,-2.91,-1.29,0
GIAs,37,-74,-120.69,-118.87,-114.98,-107.04,-97.82,-87.02,-71.01,-59.03,-47.37,-36.94,-27.03,-19.64,-14.28,-9.92,-6.65,-3.93,-1.78,0
GIAs,37,-72,-125.23,-123.48,-119.6,-111.01,-101.52,-90.52,-74.13,-61.85,-49.83,-39.02,-28.86,-21.13,-15.45,-10.76,-7.19,-4.24,-1.91,0
GIAs,37,-70,-126.32,-124.3,-120.26,-110.63,-100.88,-89.79,-73.28,-61.04,-49.08,-38.37,-28.34,-20.71,-15.11,-10.5,-6.98,-4.11,-1.84,0
GIAs,37,-68,-125.68,-123.2,-118.71,-108.17,-98.14,-87.08,-70.62,-58.54,-46.86,-36.46,-26.75,-19.41,-14.09,-9.72,-6.43,-3.76,-1.68,0
GIAs,37,-66,-123.61,-120.72,-115.84,-104.38,-94.25,-83.29,-67.03,-55.24,-43.97,-34.03,-24.74,-17.81,-12.85,-8.8,-5.79,-3.37,-1.49,0
GIAs,37,-64,-120.78,-117.5,-112.39,-100.14,-89.93,-79.22,-63.2,-51.79,-40.95,-31.48,-22.65,-16.16,-11.58,-7.86,-5.15,-2.98,-1.31,0
GIAs,37,-62,-117.46,-114.06,-108.83,-95.83,-85.73,-75.28,-59.53,-48.51,-38.11,-29.09,-20.7,-14.64,-10.43,-7.03,-4.59,-2.64,-1.16,0
GIAs,37,-60,-114.44,-110.96,-105.69,-92.1,-82.06,-71.83,-56.35,-45.68,-35.68,-27.04,-19.02,-13.33,-9.44,-6.32,-4.11,-2.35,-1.03,0
GIAs,37,-58,-112.1,-108.55,-103.23,-89.03,-79.1,-69.08,-53.79,-43.37,-33.65,-25.33,-17.64,-12.25,-8.64,-5.74,-3.73,-2.12,-0.93,0
GIAs,37,-56,-110.09,-106.57,-101.24,-86.52,-76.62,-66.77,-51.65,-41.39,-31.94,-23.89,-16.44,-11.33,-7.95,-5.25,-3.4,-1.93,-0.85,0
GIAs,37,-54,-108.44,-104.99,-99.66,-84.41,-74.56,-64.83,-49.78,-39.69,-30.44,-22.61,-15.37,-10.48,-7.32,-4.81,-3.11,-1.76,-0.77,0
GIAs,39,-94,-68.13,-63.77,-73.77,-81.82,-80.3,-74.88,-62.24,-52.32,-41.68,-31.63,-21.96,-15.24,-10.59,-6.94,-4.36,-2.42,-1.01,0
GIAs,39,-92,-96.55,-95.61,-96.24,-94.2,-86.8,-77.45,-62.35,-51.15,-40.04,-30,-20.64,-14.28,-9.94,-6.54,-4.14,-2.32,-0.98,0
GIAs,39,-90,-94.45,-95.17,-96,-94.58,-87.57,-78.32,-63.38,-52.13,-40.87,-30.68,-21.15,-14.6,-10.13,-6.63,-4.17,-2.32,-0.97,0
GIAs,39,-88,-87.33,-90.19,-91.84,-91.69,-85.52,-76.88,-62.51,-51.56,-40.45,-30.37,-20.9,-14.36,-9.89,-6.42,-4,-2.2,-0.91,0
GIAs,39,-86,-83.21,-87.47,-89.53,-90.3,-84.81,-76.6,-62.51,-51.72,-40.66,-30.56,-21.08,-14.44,-9.91,-6.4,-3.97,-2.17,-0.89,0
GIAs,39,-84,-86.14,-90.15,-91.79,-92.55,-87.14,-78.69,-64.44,-53.48,-42.16,-31.83,-22.1,-15.22,-10.47,-6.79,-4.23,-2.32,-0.96,0
GIAs,39,-82,-95.39,-98.03,-98.29,-97.98,-91.91,-82.78,-68,-56.48,-44.68,-33.92,-23.85,-16.56,-11.46,-7.52,-4.73,-2.62,-1.1,0
GIAs,39,-80,-104.54,-105.46,-104.34,-102.87,-96.15,-86.29,-70.94,-58.96,-46.76,-35.69,-25.29,-17.69,-12.33,-8.15,-5.17,-2.9,-1.24,0
GIAs,39,-78,-106.71,-107.32,-105.84,-104.03,-97.19,-87.25,-71.88,-59.84,-47.65,-36.57,-26.15,-18.42,-12.93,-8.64,-5.56,-3.16,-1.38,0
GIAs,39,-76,-102.01,-103.99,-103.71,-102.36,-96.33,-87.09,-72.2,-60.65,-48.84,-38.08,-27.8,-19.95,-14.29,-9.76,-6.45,-3.82,-1.71,0
GIAs,39,-74,-98.27,-101.99,-103.38,-102.83,-97.8,-89.51,-75.23,-64.08,-52.57,-41.9,-31.28,-22.91,-16.61,-11.5,-7.66,-4.54,-2.05,0
GIAs,39,-72,-100.24,-104.37,-106.14,-105.13,-100.13,-91.9,-77.52,-66.27,-54.55,-43.66,-32.96,-24.39,-17.9,-12.52,-8.38,-4.97,-2.25,0
GIAs,39,-70,-109.24,-112.02,-112.49,-109.23,-102.9,-93.88,-78.89,-67.18,-55.17,-44.07,-33.29,-24.67,-18.12,-12.69,-8.5,-5.04,-2.28,0
GIAs,39,-68,-120.05,-120.75,-119.21,-113.3,-105.24,-95.16,-79.26,-67.07,-54.78,-43.58,-32.84,-24.27,-17.79,-12.43,-8.29,-4.9,-2.2,0
GIAs,39,-66,-126.3,-125.36,-122.28,-113.92,-104.71,-93.85,-77.46,-65.1,-52.85,-41.78,-31.29,-22.99,-16.77,-11.65,-7.74,-4.55,-2.03,0
GIAs,39,-64,-127.35,-125.25,-121.06,-110.96,-101.02,-89.98,-73.56,-61.39,-49.51,-38.88,-28.87,-21.04,-15.25,-10.51,-6.95,-4.06,-1.81,0
GIAs,39,-62,-124.92,-122.1,-117.39,-106.01,-95.88,-84.94,-68.76,-56.95,-45.62,-35.58,-26.15,-18.87,-13.58,-9.28,-6.1,-3.54,-1.56,0
GIAs,39,-60,-121.31,-118.16,-113.15,-100.89,-90.71,-80.06,-64.14,-52.74,-41.96,-32.51,-23.62,-16.89,-12.08,-8.2,-5.36,-3.09,-1.36,0
GIAs,39,-58,-117.81,-114.47,-109.35,-96.34,-86.17,-75.81,-60.15,-49.17,-38.85,-29.88,-21.45,-15.2,-10.82,-7.29,-4.75,-2.73,-1.2,0
GIAs,39,-56,-114.75,-111.34,-106.18,-92.5,-82.44,-72.27,-56.86,-46.21,-36.26,-27.69,-19.64,-13.8,-9.77,-6.54,-4.26,-2.44,-1.07,0
GIAs,39,-54,-112.3,-108.82,-103.64,-89.33,-79.34,-69.35,-54.13,-43.71,-34.06,-25.83,-18.1,-12.61,-8.88,-5.9,-3.83,-2.18,-0.96,0
GIAs,41,-94,28.83,34.5,-10.93,-40.74,-54.04,-59.23,-53.7,-48.11,-39.8,-30.82,-21.5,-14.83,-10.16,-6.52,-3.98,-2.13,-0.84,0
GIAs,41,-92,-82.62,-81.98,-88.56,-94.67,-91.44,-84.53,-70.72,-59.62,-47.79,-36.64,-25.98,-18.35,-12.92,-8.64,-5.52,-3.12,-1.33,0
GIAs,41,-90,-75.97,-80.97,-88.23,-95.54,-92.91,-86.51,-73.04,-61.95,-49.92,-38.47,-27.48,-19.49,-13.74,-9.2,-5.89,-3.34,-1.43,0
GIAs,41,-88,-50.7,-61.84,-72.37,-83.51,-84.15,-80.14,-68.58,-58.86,-47.71,-36.86,-26.29,-18.54,-12.98,-8.61,-5.46,-3.05,-1.29,0
GIAs,41,-86,-37.12,-51.22,-63.12,-76.74,-79.56,-77.07,-66.92,-58.15,-47.56,-37.05,-26.66,-18.89,-13.28,-8.85,-5.64,-3.17,-1.35,0
GIAs,41,-84,-37.26,-51.93,-63.56,-77.6,-81.24,-79.21,-69.51,-60.82,-50.17,-39.53,-28.86,-20.71,-14.73,-9.95,-6.43,-3.68,-1.59,0
GIAs,41,-82,-46.73,-58.73,-68.74,-82.15,-85.9,-83.62,-73.66,-64.73,-53.78,-42.75,-31.67,-23.01,-16.55,-11.34,-7.42,-4.31,-1.89,0
GIAs,41,-80,-59.08,-67.56,-74.61,-86.3,-89.71,-86.93,-76.69,-67.53,-56.33,-45.11,-33.82,-24.8,-17.98,-12.44,-8.23,-4.83,-2.15,0
GIAs,41,-78,-56.55,-64.66,-71.01,-82.46,-86.49,-84.22,-74.55,-65.9,-55.19,-44.43,-33.5,-24.63,-17.89,-12.41,-8.24,-4.86,-2.17,0
GIAs,41,-76,-25.87,-39.69,-50.99,-65.66,-72.57,-72.67,-64.9,-57.99,-48.89,-39.53,-29.74,-21.72,-15.68,-10.78,-7.11,-4.16,-1.85,0
GIAs,41,-74,15.05,-7.38,-25.4,-44.94,-55.47,-58.6,-53.41,-48.69,-41.53,-33.92,-25.38,-18.31,-13.05,-8.81,-5.72,-3.29,-1.45,0
GIAs,41,-72,22.78,-1.44,-21.66,-41.14,-51.94,-55.69,-50.94,-46.8,-40.19,-33.05,-24.89,-18.02,-12.92,-8.79,-5.78,-3.38,-1.59,0
GIAs,41,-70,-13.07,-30.83,-46.11,-59.71,-66.09,-66.85,-59.6,-53.68,-45.8,-37.47,-28.54,-20.98,-15.26,-10.56,-6.99,-4.08,-1.82,0
GIAs,41,-68,-61.82,-72.19,-80.17,-85.72,-86.21,-82.4,-71.66,-63.03,-52.71,-42.84,-32.9,-24.42,-17.89,-12.49,-8.34,-4.92,-2.21,0
GIAs,41,-66,-97.84,-102.35,-104.9,-104.23,-99.79,-92.44,-78.71,-67.88,-56.35,-45.51,-34.89,-25.91,-19,-13.27,-8.85,-5.23,-2.35,0
GIAs,41,-64,-116.16,-117.23,-116.36,-111.24,-104.07,-94.73,-79.48,-67.69,-55.71,-44.7,-34.06,-25.18,-18.4,-12.8,-8.51,-5,-2.24,0
GIAs,41,-62,-122.88,-122.03,-119.25,-111.39,-102.63,-92.4,-76.64,-64.73,-52.88,-42.12,-31.83,-23.38,-16.99,-11.74,-7.77,-4.54,-2.02,0
GIAs,41,-60,-123.76,-121.81,-118.03,-108.26,-98.86,-88.39,-72.49,-60.77,-49.27,-38.99,-29.2,-21.3,-15.4,-10.58,-6.98,-4.06,-1.8,0
GIAs,41,-58,-122.39,-119.81,-115.43,-104.31,-94.52,-84.06,-68.28,-56.8,-45.76,-35.99,-26.69,-19.32,-13.91,-9.51,-6.25,-3.63,-1.61,0
GIAs,41,-56,-120.02,-117,-112.26,-100.07,-90.18,-79.85,-64.21,-53.07,-42.47,-33.17,-24.33,-17.48,-12.54,-8.53,-5.6,-3.24,-1.43,0
GIAs,41,-54,-116.97,-113.8,-108.89,-95.9,-85.96,-75.81,-60.38,-49.54,-39.35,-30.52,-22.11,-15.77,-11.25,-7.61,-4.99,-2.87,-1.27,0
GIAs,43,-92,-31.48,-33.49,-51.45,-72.88,-80.3,-81.6,-73.25,-65.11,-54.38,-43.15,-31.72,-23.06,-16.61,-11.39,-7.45,-4.32,-1.89,0
GIAs,43,-90,-7.69,-23.31,-42.13,-65.64,-74.93,-78.24,-71.68,-64.82,-54.78,-43.91,-32.57,-23.82,-17.23,-11.87,-7.79,-4.54,-2,0
GIAs,43,-88,57.51,31.43,7.63,-25.56,-43.29,-53.79,-53.3,-51.09,-44.45,-36.14,-26.71,-19.32,-13.81,-9.35,-6.04,-3.45,-1.48,0
GIAs,43,-86,87.16,60.76,36.42,-0.23,-22.95,-37.9,-41.77,-42.97,-38.92,-32.51,-24.4,-17.84,-12.89,-8.81,-5.76,-3.32,-1.45,0
GIAs,43,-84,103.37,74.45,49.99,12.14,-13.56,-30.93,-37.28,-40.46,-37.86,-32.43,-24.94,-18.58,-13.66,-9.53,-6.36,-3.76,-1.68,0
GIAs,43,-82,117,89.87,66.23,27.33,-2.12,-22.16,-31.07,-36.27,-35.2,-30.92,-24.19,-18.22,-13.51,-9.49,-6.38,-3.8,-1.71,0
GIAs,43,-80,122.94,102.75,82.59,43.04,9.95,-12.54,-23.69,-30.72,-31.17,-28.12,-22.36,-16.9,-12.56,-8.83,-5.96,-3.54,-1.6,0
GIAs,43,-78,133.33,119.55,103.68,61,23.87,-1.05,-14.12,-22.98,-24.97,-23.33,-18.69,-14.06,-10.37,-7.2,-4.81,-2.83,-1.27,0
GIAs,43,-76,159.38,139.85,115.32,72.14,33.86,7.98,-6.13,-15.95,-19.1,-18.59,-15.08,-11.23,-8.19,-5.59,-3.7,-2.14,-0.95,0
GIAs,43,-74,195.84,164.64,134.07,84.22,44.31,17.31,2.67,-7.97,-12.08,-12.68,-10.32,-7.34,-5.1,-3.22,-2,-1.05,-0.43,0
GIAs,43,-72,205.9,164.16,128.08,81.03,43.14,17.44,4.04,-5.72,-9.55,-10.17,-8.1,-5.37,-3.42,-1.87,-0.98,-0.37,-0.1,0
GIAs,43,-70,150.15,116.13,83.18,44.85,15.54,-3.77,-11.95,-17.91,-18.88,-17.42,-13.79,-9.76,-6.75,-4.29,-2.66,-1.39,-0.56,0
GIAs,43,-68,60.68,37.81,15.2,-9.8,-27.02,-36.94,-37.66,-37.77,-34.35,-29.56,-23.36,-17.22,-12.43,-8.46,-5.53,-3.18,-1.41,0
GIAs,43,-66,-11.62,-25.82,-39.15,-52.71,-60.22,-62.57,-56.96,-52.32,-45.38,-37.91,-29.74,-22.05,-16.03,-11.04,-7.28,-4.23,-1.89,0
GIAs,43,-64,-58.12,-66,-72.74,-78.09,-79.25,-76.57,-67.07,-59.53,-50.49,-41.52,-32.33,-23.93,-17.37,-11.97,-7.9,-4.59,-2.04,0
GIAs,43,-62,-87.25,-91.29,-93.8,-93.2,-90.09,-84.16,-72.11,-62.65,-52.49,-42.79,-33.08,-24.48,-17.78,-12.27,-8.1,-4.71,-2.09,0
GIAs,43,-60,-104.55,-106.24,-106.18,-101.65,-95.65,-87.72,-73.96,-63.55,-52.76,-42.72,-32.84,-24.3,-17.68,-12.22,-8.08,-4.71,-2.1,0
GIAs,43,-58,-113.82,-113.65,-111.76,-104.48,-96.87,-87.83,-73.21,-62.32,-51.3,-41.26,-31.49,-23.22,-16.91,-11.7,-7.76,-4.54,-2.03,0
GIAs,43,-56,-116.56,-115.01,-111.9,-102.58,-94.09,-84.64,-69.76,-58.82,-48.06,-38.39,-29,-21.25,-15.43,-10.65,-7.07,-4.13,-1.85,0
GIAs,43,-54,-115.84,-113.52,-109.71,-98.91,-90.02,-80.5,-65.55,-54.79,-44.41,-35.19,-26.24,-19.09,-13.79,-9.48,-6.28,-3.66,-1.63,0