Region,Latitude,Longitude,RSL,RSL_er_max,RSL_er_min,Elevation,El_er_max,El_er_min,Age,Age_er_max,Age_er_min,Type,Interc,Indicator,Region,CoralTaxa
Bonaparte Gulf,-12.18,128.03,-140.01,0.740354645,0.740084455,0,0,0,1654,188,176,-1,0,1,1,0
Bonaparte Gulf,-12.18,128.03,-140.03,0.893378419,0.893154522,0,0,0,11425,279,203,-1,0,1,1,0
Bonaparte Gulf,-12.18,128.03,-140.22,0.893378419,0.893154522,0,0,0,10394.5,199.5,203.5,-1,0,1,1,0
Bonaparte Gulf,-12.18,128.03,-140.31,0.893378419,0.893154522,0,0,0,21161,302,291,-1,0,1,1,0
Bonaparte Gulf,-12.18,128.03,-140.43,0.893378419,0.893154522,0,0,0,49.5,231.5,48.5,-1,0,1,1,0
Bonaparte Gulf,-12.18,128.03,-140.64,0.893378419,0.893154522,0,0,0,23347.5,336.5,281.5,-1,0,1,1,0
Bonaparte Gulf,-12.18,128.03,-140.74,0.893378419,0.893154522,0,0,0,23347.5,336.5,281.5,-1,0,1,1,0
Bonaparte Gulf,-12.18,128.03,-141.33,0.893378419,0.893154522,0,0,0,24042.5,300.5,265.5,-1,0,1,1,0
Bonaparte Gulf,-12.18,128.03,-141.66,0.893378419,0.893154522,0,0,0,24049,452,317,-1,0,1,1,0
Bonaparte Gulf,-12.18,128.03,-141.73,0.893378419,0.893154522,0,0,0,24007,289,248,-1,0,1,1,0
Bonaparte Gulf,-12.18,128.03,-140.03,0.740354645,0.740084455,0,0,0,1105.5,154.5,164.5,-1,0,1,1,0
Bonaparte Gulf,-12.18,128.03,-140.22,0.740354645,0.740084455,0,0,0,7848.5,141.5,172.5,-1,0,1,1,0
Bonaparte Gulf,-12.18,128.03,-140.45,0.740354645,0.740084455,0,0,0,7269.5,197.5,224.5,-1,0,1,1,0
Bonaparte Gulf,-12.18,128.03,-140.54,0.740354645,0.740084455,0,0,0,24159,406,348,-1,0,1,1,0
Bonaparte Gulf,-12.18,128.03,-140.74,0.740354645,0.740084455,0,0,0,24692.5,318.5,365.5,-1,0,1,1,0
Bonaparte Gulf,-12.18,128.03,-141.01,0.740354645,0.740084455,0,0,0,24342.5,400.5,380.5,-1,0,1,1,0
Bonaparte Gulf,-11.73,127.94,-131.91,1.164270158,1.164098364,0,0,0,3281.5,524.5,508.5,-1,0,1,1,0
Bonaparte Gulf,-11.73,127.94,-131.14,1.164270158,1.164098364,0,0,0,17816,2375,2563,-1,0,1,1,0
Bonaparte Gulf,-11.73,127.94,-130.995,1.164270158,1.164098364,0,0,0,19985.5,2408.5,2246.5,-1,0,1,1,0
Bonaparte Gulf,-11.73,127.94,-129.955,1.164270158,1.164098364,0,0,0,21754.5,3372.5,3449.5,-1,0,1,1,0
Bonaparte Gulf,-12.1,127.917,-127.77,1.490981221,1.490847075,0,0,0,10403.5,356.5,275.5,-1,0,1,1,0
Bonaparte Gulf,-12.117,127.934,-126.13,1.490981221,1.490847075,0,0,0,13043.5,288.5,302.5,-1,0,1,1,0
Bonaparte Gulf,-12.167,128.001,-120.4,1.490981221,1.490847075,0,0,0,8253.5,266.5,288.5,-1,0,1,1,0
Bonaparte Gulf,-12.167,128.001,-119.2,1.490981221,1.490847075,0,0,0,19180,669,550,-1,0,1,1,0
Bonaparte Gulf,-12.167,128.001,-118.9,1.490981221,1.490847075,0,0,0,21181,640,519,-1,0,1,1,0
Bonaparte Gulf,-12.167,128.001,-118.6,1.490981221,1.490847075,0,0,0,27336,444,459,-1,0,1,1,0
Bonaparte Gulf,-12.183,128.025,-117.58,1.490981221,1.490847075,0,0,0,12680,395,473,-1,0,1,1,0
Bonaparte Gulf,-12.183,128.025,-116.87,1.490981221,1.490847075,0,0,0,16176,585,569,-1,0,1,1,0
Bonaparte Gulf,-12.183,128.025,-115.73,1.490981221,1.490847075,0,0,0,18647.5,584.5,549.5,-1,0,1,1,0
Bonaparte Gulf,-12.183,128.025,-115.73,1.490981221,1.490847075,0,0,0,18957,488,368,-1,0,1,1,0
Bonaparte Gulf,-12.183,128.025,-115.71,1.490981221,1.490847075,0,0,0,19129.5,499.5,455.5,-1,0,1,1,0
Bonaparte Gulf,-12.183,128.025,-114.8,1.490981221,1.490847075,0,0,0,19968.5,572.5,625.5,-1,0,1,1,0
Bonaparte Gulf,-12.183,128.025,-114.6,1.490981221,1.490847075,0,0,0,20744.5,484.5,406.5,-1,0,1,1,0
Bonaparte Gulf,-12.3,128.167,-109.65,1.490981221,1.490847075,0,0,0,17281.5,533.5,400.5,-1,0,1,1,0
Bonaparte Gulf,-12.3,128.167,-109.6,1.490981221,1.490847075,0,0,0,18386,395,419,-1,0,1,1,0
Bonaparte Gulf,-12.383,128.267,-106.74,1.490981221,1.490847075,0,0,0,16885.5,448.5,474.5,-1,0,1,1,0
Bonaparte Gulf,-12.383,128.267,-106.65,1.490981221,1.490847075,0,0,0,17123.5,613.5,575.5,-1,0,1,1,0
Bonaparte Gulf,-12.383,128.267,-106.56,1.490981221,1.490847075,0,0,0,18276.5,401.5,410.5,-1,0,1,1,0
Bonaparte Gulf,-12.639,128.617,-93.9,1.490981221,1.490847075,0,0,0,12838,384,362,-1,0,1,1,0
Bonaparte Gulf,-12.916,124.482,-129,1.490981221,1.490847075,0,0,0,17109.5,456.5,461.5,-1,0,1,1,0
Bonaparte Gulf,-12.916,124.482,-129,1.490981221,1.490847075,0,0,0,21542,440,508,-1,0,1,1,0
Bonaparte Gulf,-11.208,126.326,-100.13,1.490981221,1.490847075,0,0,0,16921,429,449,-1,0,1,1,0
Bonaparte Gulf,-11.231,128.292,-99.15,1.490981221,1.490847075,0,0,0,16712,481,528,-1,0,1,1,0
Bonaparte Gulf,-12.691,128.809,-93.1622,1.755777292,1.755777292,0,0,0,15214.5,259.5,222.5,-1,0,1,1,0
Bonaparte Gulf,-12.691,128.809,-96.1622,1.755777292,1.755777292,0,0,0,21580,301,279,-1,0,1,1,0
Bonaparte Gulf,-12.795,128.951,-85.3638,1.897848102,1.897848102,0,0,0,13887,197,198,-1,0,1,1,0
Bonaparte Gulf,-12.795,128.951,-85.3638,1.897848102,1.897848102,0,0,0,14477,350,295,-1,0,1,1,0
Bonaparte Gulf,-12.795,128.951,-85.3638,1.897848102,1.897848102,0,0,0,15013.5,260.5,254.5,-1,0,1,1,0
Bonaparte Gulf,-10.45,129.695,-109.1371,1.359607058,1.359607058,0,0,0,20687.5,229.5,245.5,-1,0,1,1,0
Cambridge Gulf,-15.28,128.32,6.004,4.254206624,4.254206624,0,0,0,7549,286,119,0,0,1,2,0
Cambridge Gulf,-15.28,128.32,6.004,4.254206624,4.254206624,0,0,0,7548.5,199.5,218.5,0,0,1,2,0
Cambridge Gulf,-15.28,128.32,5.404,4.254206624,4.254206624,0,0,0,7028,536,577,0,0,1,2,0
Bonaparte Gulf,-14.86,129.03,0.3081,0.91769761,0.917479647,0,0,0,2817,329,296,1,0,1,2,0
Bonaparte Gulf,-14.86,129.03,0.5581,0.91769761,0.917479647,0,0,0,2205.5,497.5,888.5,1,0,1,2,0
Bonaparte Gulf,-14.86,129.03,-0.886,1.709846192,1.709729218,0,0,0,7053,374,410,0,0,1,2,0
Bonaparte Gulf,-14.86,129.03,0.3081,0.91769761,0.917479647,0,0,0,1039,269,241,1,0,1,2,0
Bonaparte Gulf,-14.86,129.03,0.7581,0.91769761,0.917479647,0,0,0,1339,470,161,1,0,1,2,0
Bonaparte Gulf,-14.86,129.03,0.114,1.709846192,1.709729218,0,0,0,7090,330,140,0,0,1,2,0
Kimberley Coast,-15.57,128.14,0.52335,2.583694363,2.583616954,0,0,0,1709,24,89,0,0,1,2,0
Kimberley Coast,-15.57,128.14,-0.39665,2.583694363,2.583616954,0,0,0,7368,61,92,0,0,1,2,0
Kimberley Coast,-15.57,128.14,-0.81165,2.583694363,2.583616954,0,0,0,7422,138,102,0,0,1,2,0
Kimberley Coast,-15.57,128.14,-2.17165,2.583694363,2.583616954,0,0,0,7477,98,145,0,0,1,2,0
Kimberley Coast,-15.57,128.14,-3.01165,2.583694363,2.583616954,0,0,0,8241,176,225,0,0,1,2,0
Kimberley Coast,-15.57,128.14,-5.05165,2.583694363,2.583616954,0,0,0,7701,134,119,0,0,1,2,0
Kimberley Coast,-15.49,128.104,0.53335,2.430344947,2.430262653,0,0,0,910,48,107,0,0,1,2,0
Kimberley Coast,-15.49,128.104,-0.16665,2.430344947,2.430262653,0,0,0,6234,70,214,0,0,1,2,0
Kimberley Coast,-15.49,128.104,-0.87665,2.430344947,2.430262653,0,0,0,6360,84,66,0,0,1,2,0
Kimberley Coast,-15.49,128.104,-1.73165,2.430344947,2.430262653,0,0,0,6698,91,133,0,0,1,2,0
Kimberley Coast,-15.49,128.104,-2.69165,2.430344947,2.430262653,0,0,0,6720,160,155,0,0,1,2,0
Kimberley Coast,-15.549,128.256,2.60335,3.729152258,3.729098626,0,0,0,604,42,69,0,0,1,2,0
Kimberley Coast,-15.549,128.256,2.27835,3.729152258,3.729098626,0,0,0,3385,180,201,0,0,1,2,0
Kimberley Coast,-15.549,128.256,0.63335,3.729152258,3.729098626,0,0,0,7495,74,67,0,0,1,2,0
Kimberley Coast,-15.549,128.256,0.13835,3.729152258,3.729098626,0,0,0,7441,125,121,0,0,1,2,0
Kimberley Coast,-15.549,128.256,-0.70165,3.729152258,3.729098626,0,0,0,7595,75,84,0,0,1,2,0
Bonaparte Gulf,-14.496,127.946,-20.7669,3.573299442,3.573299442,0,0,0,6404,239,237,-1,0,1,2,0
Kimberley Coast,-16.15,123.61,-6.294,7.418451927,7.418451927,0,0,0,1696.5,182.5,167.5,2,0,2,3,8
Kimberley Coast,-16.15,123.61,1.613,8.76261542,8.76261542,0,0,0,2279,203,187,2,0,2,3,1
Kimberley Coast,-16.15,123.61,0.663,8.76261542,8.76261542,0,0,0,2403,253,159,2,0,2,3,1
Kimberley Coast,-16.15,123.61,-0.757,8.76261542,8.76261542,0,0,0,2883,187,156,2,0,2,3,1
Kimberley Coast,-16.15,123.61,-2.667,8.76261542,8.76261542,0,0,0,2883,187,156,2,0,2,3,1
Kimberley Coast,-16.15,123.61,-2.177,10.61995428,10.61995428,0,0,0,2928,199,170,2,0,2,3,0
Kimberley Coast,-16.15,123.61,4.763,9.221357221,9.221357221,0,0,0,3183,177,196,2,0,2,3,4
Kimberley Coast,-16.15,123.61,2.623,8.76261542,8.76261542,0,0,0,3525.5,195.5,167.5,2,0,2,3,1
Kimberley Coast,-16.15,123.61,1.553,8.76261542,8.76261542,0,0,0,3739.5,180.5,207.5,2,0,2,3,1
Kimberley Coast,-16.15,123.61,-0.357,8.76261542,8.76261542,0,0,0,4783.5,187.5,208.5,2,0,2,3,1
Kimberley Coast,-16.15,123.61,-1.956,8.76261542,8.76261542,0,0,0,5227,200,214,2,0,2,3,1
Kimberley Coast,-16.15,123.61,-4.23,8.76261542,8.76261542,0,0,0,7699,164,146,2,0,2,3,1
Kimberley Coast,-16.15,123.61,-6.257,8.76261542,8.76261542,0,0,0,7868,135,175,2,0,2,3,1
Kimberley Coast,-16.15,123.61,-10.087,6.146822675,6.146822675,0,0,0,8107.5,182.5,149.5,2,0,2,3,3
Kimberley Coast,-16.15,123.61,-9.117,6.559986966,6.559986966,0,0,0,8247.5,149.5,194.5,2,0,2,3,5
Kimberley Coast,-16.15,123.61,-12.087,6.146822675,6.146822675,0,0,0,8680.5,273.5,198.5,2,0,2,3,3
Kimberley Coast,-16.41,123.123,2.8,8.76261542,8.76261542,0,0,0,7242,76,78,2,0,2,3,1
Kimberley Coast,-16.41,123.123,7.5,8.76261542,8.76261542,0,0,0,1722,103,110,2,0,2,3,1
Kimberley Coast,-16.41,123.123,-1,3.575392146,3.575392146,0,0,0,2734,42,216,-1,0,2,3,0
Kimberley Coast,-16.41,123.123,-0.1,3.575392146,3.575392146,0,0,0,5039,241,166,-1,0,2,3,0
Kimberley Coast,-16.41,123.123,-1.6,3.575392146,3.575392146,0,0,0,5461,119,137,-1,0,2,3,0
Kimberley Coast,-16.41,123.123,-0.7,3.575392146,3.575392146,0,0,0,2464,235,114,-1,0,2,3,0
Kimberley Coast,-16.41,123.123,-5.6,3.575392146,3.575392146,0,0,0,7298,122,127,-1,0,2,3,0
Kimberley Coast,-16.41,123.123,-8.4,3.575392146,3.575392146,0,0,0,7683,98,73,-1,0,2,3,0
Kimberley Coast,-16.41,123.123,3.7,8.76261542,8.76261542,0,0,0,5512,73,183,2,0,2,3,1
Kimberley Coast,-16.41,123.123,-0.2,3.575392146,3.575392146,0,0,0,1206,64,132,-1,0,2,3,0
Kimberley Coast,-16.41,123.123,-1.2,3.575392146,3.575392146,0,0,0,2954,119,102,-1,0,2,3,0
Kimberley Coast,-16.41,123.123,-1.9,3.575392146,3.575392146,0,0,0,1224,62,116,-1,0,2,3,0
Kimberley Coast,-16.407,123.186,4.9,8.76261542,8.76261542,0,0,0,2782,70,40,2,0,2,3,2
Kimberley Coast,-16.407,123.186,-2.8,3.575392146,3.575392146,0,0,0,3400,53,128,-1,0,2,3,3
Kimberley Coast,-16.407,123.186,4.6,8.76261542,8.76261542,0,0,0,1475,81,97,2,0,2,3,1
Kimberley Coast,-16.407,123.186,2.2,8.76261542,8.76261542,0,0,0,6688,96,126,2,0,2,3,1
Kimberley Coast,-16.407,123.186,-2.8,3.575392146,3.575392146,0,0,0,2855,98,81,-1,0,2,3,0
Kimberley Coast,-16.407,123.186,-2.6,3.575392146,3.575392146,0,0,0,4665,156,140,-1,0,2,3,0
Kimberley Coast,-16.079,123.525,3.2,8.76261542,8.76261542,0,0,0,2338,148,185,2,0,2,3,1
Kimberley Coast,-16.079,123.534,6.8,7.418451927,7.418451927,0,0,0,645,34,82,2,0,2,3,8
Kimberley Coast,-16.079,123.534,4.6,7.418451927,7.418451927,0,0,0,2767,80,38,2,0,2,3,8
Kimberley Coast,-16.079,123.534,1.9,8.76261542,8.76261542,0,0,0,3236,119,156,2,0,2,3,1
Kimberley Coast,-16.079,123.534,4.8,8.76261542,8.76261542,0,0,0,2234,101,96,2,0,2,3,1
Kimberley Coast,-16.079,123.534,-1.3,3.575392146,3.575392146,0,0,0,1964,86,74,-1,0,2,3,0
Kimberley Coast,-16.079,123.534,-1.8,3.575392146,3.575392146,0,0,0,2896,99,115,-1,0,2,3,0
Kimberley Coast,-16.079,123.534,-2.7,3.575392146,3.575392146,0,0,0,3372,75,119,-1,0,2,3,0
Kimberley Coast,-16.41,123.123,15.4,14.44934009,14.44934009,0,0,0,3875,105,151,2,0,2,3,7
Kimberley Coast,-16.41,123.123,8.4,11.56647868,11.56647868,0,0,0,6474,150,78,2,0,2,3,6
Kimberley Coast,-16.41,123.123,16,14.44934009,14.44934009,0,0,0,120,157,119,2,0,2,3,7
Kimberley Coast,-16.41,123.123,0.2,3.575392146,3.575392146,0,0,0,392,95,78,-1,0,2,3,0
Kimberley Coast,-16.41,123.123,-0.2,3.575392146,3.575392146,0,0,0,606,46,61,-1,0,2,3,0
Kimberley Coast,-16.41,123.123,13,14.44934009,14.44934009,0,0,0,96,164,95,2,0,2,3,7
Kimberley Coast,-16.41,123.123,-1.1,3.575392146,3.575392146,0,0,0,70,182,66,-1,0,2,3,0
Kimberley Coast,-16.407,123.186,14,14.44934009,14.44934009,0,0,0,91,164,90,2,0,2,3,7
Kimberley Coast,-16.407,123.186,12.9,14.44934009,14.44934009,0,0,0,1524,60,99,2,0,2,3,7
Kimberley Coast,-16.407,123.186,14.2,14.44934009,14.44934009,0,0,0,61,190,56,2,0,2,3,7
Kimberley Coast,-16.407,123.186,-4.7,3.575392146,3.575392146,0,0,0,4477,132,164,-1,0,2,3,0
Kimberley Coast,-16.407,123.186,-5.5,3.575392146,3.575392146,0,0,0,4840,118,192,-1,0,2,3,0
Kimberley Coast,-16.407,123.186,4,7.418451927,7.418451927,0,0,0,4946,311,95,2,0,2,3,8
Kimberley Coast,-16.407,123.186,-1.2,3.575392146,3.575392146,0,0,0,524,23,24,-1,0,2,3,0
Kimberley Coast,-16.407,123.186,14.2,14.44934009,14.44934009,0,0,0,56,195,50,2,0,2,3,7
Kimberley Coast,-16.407,123.186,13.4,14.44934009,14.44934009,0,0,0,1407,109,88,2,0,2,3,7
Kimberley Coast,-16.06,123.548,-0.8,3.575392146,3.575392146,0,0,0,96,164,95,-1,0,2,3,0
Kimberley Coast,-16.06,123.548,7,8.76261542,8.76261542,0,0,0,109,166,108,2,0,2,3,1
Kimberley Coast,-16.06,123.548,-1.8,3.575392146,3.575392146,0,0,0,505,33,50,-1,0,2,3,3
Kimberley Coast,-16.056,123.547,8.2,7.418451927,7.418451927,0,0,0,109,166,108,2,0,2,3,8
Kimberley Coast,-16.056,123.547,15.5,14.44934009,14.44934009,0,0,0,96,164,95,2,0,2,3,7
Kimberley Coast,-16.056,123.547,-1.2,3.575392146,3.575392146,0,0,0,283,152,136,-1,0,2,3,0
Kimberley Coast,-16.056,123.547,-0.7,3.575392146,3.575392146,0,0,0,391,93,84,-1,0,2,3,0
Kimberley Coast,-16.056,123.547,-1,3.575392146,3.575392146,0,0,0,399,92,76,-1,0,2,3,0
Kimberley Coast,-16.056,123.547,5.8,8.76261542,8.76261542,0,0,0,53,197,46,2,0,2,3,1
Kimberley Coast,-16.056,123.547,-2.4,3.575392146,3.575392146,0,0,0,541,84,32,-1,0,2,3,0
Kimberley Coast,-16.056,123.547,15.3,14.44934009,14.44934009,0,0,0,61,190,56,2,0,2,3,7
Kimberley Coast,-16.056,123.547,13.2,14.44934009,14.44934009,0,0,0,193,107,192,2,0,2,3,7
Kimberley Coast,-16.056,123.547,11.9,14.44934009,14.44934009,0,0,0,391,93,84,2,0,2,3,7
Kimberley Coast,-16.056,123.547,-6.1,3.575392146,3.575392146,0,0,0,461,43,134,-1,0,2,3,0
Kimberley Coast,-16.056,123.547,-0.7,3.575392146,3.575392146,0,0,0,80,173,76,-1,0,2,3,3
Kimberley Coast,-16.058,123.544,-2,3.575392146,3.575392146,0,0,0,294,145,143,-1,0,2,3,0
Kimberley Coast,-16.058,123.544,-3.7,3.575392146,3.575392146,0,0,0,388,64,89,-1,0,2,3,0
Kimberley Coast,-16.058,123.544,-6,3.575392146,3.575392146,0,0,0,509,32,38,-1,0,2,3,0
Kimberley Coast,-16.058,123.544,-0.7,3.575392146,3.575392146,0,0,0,87,166,84,-1,0,2,3,0
Kimberley Coast,-16.058,123.544,-3.6,3.575392146,3.575392146,0,0,0,532,88,30,-1,0,2,3,0
Kimberley Coast,-16.058,123.544,-6.4,3.575392146,3.575392146,0,0,0,604,61,46,-1,0,2,3,0
Kimberley Coast,-16.058,123.544,-0.5,3.575392146,3.575392146,0,0,0,80,173,76,-1,0,2,3,0
Kimberley Coast,-16.058,123.544,-3.4,3.575392146,3.575392146,0,0,0,516,25,20,-1,0,2,3,0
Kimberley Coast,-16.058,123.544,-6.4,3.575392146,3.575392146,0,0,0,954,99,32,-1,0,2,3,0
Kimberley Coast,-16.058,123.544,-0.7,3.575392146,3.575392146,0,0,0,56,195,50,-1,0,2,3,0
Kimberley Coast,-16.058,123.544,-3.2,3.575392146,3.575392146,0,0,0,605,45,64,-1,0,2,3,0
Kimberley Coast,-16.058,123.544,-4.6,3.575392146,3.575392146,0,0,0,743,50,63,-1,0,2,3,0
Kimberley Coast,-17.026,123.59,-1.7282,4.97781422,4.977774042,0,0,0,6978,280,303,0,0,1,4,0
Canning Coast,-18.91,121.66,0.761,3.976986313,3.976484112,0,0,0,4444,80,146,0,0,1,4,0
Canning Coast,-18.91,121.66,0.0543,3.046071004,3.044650975,0,0,0,7024,135,122,0,0,1,4,0
Canning Coast,-18.91,121.66,-1.4357,3.045250026,3.044650975,0,0,0,7366,61,85,0,0,1,4,0
Canning Coast,-18.91,121.66,0.6043,3.045464779,3.044650975,0,0,0,6943,211,144,0,0,1,4,0
Canning Coast,-18.91,121.66,0.1043,3.04618939,3.044650975,0,0,0,7267,146,101,0,0,1,4,0
Canning Coast,-18.91,121.66,-1.559,3.978608537,3.976484112,0,0,0,6233,151,224,0,0,1,4,0
Kimberley Coast,-17.026,123.59,-2.8032,4.97781422,4.977774042,0,0,0,6799,456,443,0,0,1,4,0
Kimberley Coast,-17.026,123.59,-2.8032,4.97781422,4.977774042,0,0,0,7755,453,460,0,0,1,4,0
Kimberley Coast,-17.026,123.59,-2.5032,4.97781422,4.977774042,0,0,0,6607,276,286,0,0,1,4,0
Kimberley Coast,-17.026,123.59,-2.4282,4.97781422,4.977774042,0,0,0,6868,376,361,0,0,1,4,0
Kimberley Coast,-17.026,123.59,-3.9832,4.97781422,4.977774042,0,0,0,6993,429,432,0,0,1,4,0
Kimberley Coast,-17.026,123.59,-3.9832,4.97781422,4.977774042,0,0,0,8175,201,200,0,0,1,4,0
Northwest Shelf,-18.3,119.1,-123.0231,1.310938065,1.310938065,0,0,0,12608,159,191,-1,0,1,5,0
Northwest Shelf,-18.3,119.1,-123.0231,1.310938065,1.310938065,0,0,0,13558,229,238,-1,0,1,5,0
Northwest Shelf,-18.3,119.1,-123.0231,1.310938065,1.310938065,0,0,0,14216,410,349,-1,0,1,5,0
Northwest Shelf,-18.4,119.95,-108.0374,1.311267997,1.311267997,0,0,0,13710,290,250,-1,0,1,5,0
Northwest Shelf,-18.4,119.95,-108.0374,1.311267997,1.311267997,0,0,0,15071,376,350,-1,0,1,5,0
Northwest Shelf,-18.4,119.95,-108.0374,1.311267997,1.311267997,0,0,0,15295,355,345,-1,0,1,5,0
Northwest Shelf,-17.03,117.95,-124.0084,1.310761443,1.310761443,0,0,0,13444,250,227,-1,0,1,5,0
Northwest Shelf,-17.03,117.95,-124.0084,1.310761443,1.310761443,0,0,0,14301,450,298,-1,0,1,5,0
Northwest Shelf,-17.03,117.95,-124.0084,1.310761443,1.310761443,0,0,0,15396,316,307,-1,0,1,5,0
Northwest Shelf,-18.09,119.7,-148.028,1.311033562,1.311033562,0,0,0,9645,218,160,-1,0,1,5,0
Northwest Shelf,-20.129,115.039,-141.2802,0.726563034,0.726563034,0,0,0,16874,209,240,-1,0,1,5,0
Northwest Shelf,-20.129,115.039,-140.3002,0.726563034,0.726563034,0,0,0,23665,192,278,-1,0,1,5,0
Northwest Shelf,-20.129,115.039,-141.3202,0.726563034,0.726563034,0,0,0,19516,286,259,-1,0,1,5,0
Northwest Shelf,-20.129,115.039,-140.4002,0.726563034,0.726563034,0,0,0,23307,327,265,-1,0,1,5,0
Northwest Shelf,-20.129,115.039,-141.9102,0.726563034,0.726563034,0,0,0,13458,202,196,-1,0,1,5,0
Northwest Shelf,-20.129,115.039,-147.5702,0.726563034,0.726563034,0,0,0,13661,157,177,-1,0,1,5,0
Ningaloo Reef,-21.959,114.148,-0.86,1.829781408,1.829672102,0,0,0,6681,23,23,0,0,1,6,0
Ningaloo Reef,-21.959,114.148,-1.39,1.448481964,1.448343882,0,0,0,7253,86,86,0,0,1,6,0
Ningaloo Reef,-21.959,114.148,-3.83,1.448481964,1.448343882,0,0,0,7500,23,23,0,0,1,6,0
Ningaloo Reef,-21.959,114.147,1.34,1.448481964,1.448343882,0,0,0,6427,62,62,0,0,1,6,0
Ningaloo Reef,-21.959,114.147,-2.01,1.448481964,1.448343882,0,0,0,7498,80,80,0,0,1,6,0
Ningaloo Reef,-21.959,114.146,1.01,1.448481964,1.448343882,0,0,0,6336,161,161,0,0,1,6,0
Ningaloo Reef,-21.959,114.146,-2.34,1.047902667,1.047711792,0,0,0,6998,30,30,0,0,1,6,0
Ningaloo Reef,-21.959,114.145,-1.11,1.448481964,1.448343882,0,0,0,7143,46,46,0,0,1,6,0
Ningaloo Reef,-21.959,114.145,-2.81,1.448481964,1.448343882,0,0,0,7929,318,318,0,0,1,6,0
Ningaloo Reef,-21.959,114.145,-0.55,1.448481964,1.448343882,0,0,0,7000,24,24,0,0,1,6,0
Ningaloo Reef,-21.959,114.145,-2.7,1.448481964,1.448343882,0,0,0,7562,35,35,0,0,1,6,0
Ningaloo Reef,-21.959,114.144,0.94,1.448481964,1.448343882,0,0,0,5800,76,76,0,0,1,6,0
Ningaloo Reef,-21.959,114.144,-0.49,1.448481964,1.448343882,0,0,0,6779,44,44,0,0,1,6,0
Ningaloo Reef,-21.959,114.144,-2.61,1.448481964,1.448343882,0,0,0,7165,51,51,0,0,1,6,0
Ningaloo Reef,-21.957,114.143,0.27,1.829781408,1.829672102,0,0,0,6519,24,24,0,0,1,6,0
Ningaloo Reef,-21.957,114.143,0.47,1.448481964,1.448343882,0,0,0,7045,42,42,0,0,1,6,0
Ashburton Delta,-21.708,114.905,-6.42,0.176068169,0.176068169,0,0,0,7545,108,112,-1,0,1,6,0
North West Cape,-21.841,114.048,1.04,0.176068169,0.176068169,0,0,0,5464,109,130,-1,0,1,6,0
Exmouth Gulf,-22.586,114.123,3.29,0.266458252,0.266458252,0,0,0,31,5,5,1,0,1,6,0
Exmouth Gulf,-22.586,114.123,2.63,0.266458252,0.266458252,0,0,0,113,10,10,1,0,1,6,0
Exmouth Gulf,-22.586,114.123,2.76,0.266458252,0.266458252,0,0,0,117,11,11,1,0,1,6,0
Exmouth Gulf,-22.586,114.123,2.76,0.266458252,0.266458252,0,0,0,106,12,12,1,0,1,6,0
Exmouth Gulf,-22.586,114.123,2.46,0.266458252,0.266458252,0,0,0,207,44,44,1,0,1,6,0
Exmouth Gulf,-22.586,114.123,3.83,0.266458252,0.266458252,0,0,0,586,50,50,1,0,1,6,0
Exmouth Gulf,-22.586,114.123,3.41295,0.842970974,0.842970974,0,0,0,5989,430,430,0,0,1,6,0
Exmouth Gulf,-22.586,114.123,3.72,0.266458252,0.266458252,0,0,0,1228,59,59,1,0,1,6,0
Exmouth Gulf,-22.586,114.123,3.72,0.266458252,0.266458252,0,0,0,1226,78,78,1,0,1,6,0
Exmouth Gulf,-22.586,114.123,3.3,0.266458252,0.266458252,0,0,0,2110,143,143,1,0,1,6,0
Shark Bay,-25.9,114,-2.05,0.740212849,0.740212849,0,0,0,489,130,137,-1,0,1,7,0
Shark Bay,-25.9,114,-2.63,0.740212849,0.740212849,0,0,0,1420,146,138,-1,0,1,7,0
Shark Bay,-25.9,114,-3.05,0.740212849,0.740212849,0,0,0,3854,200,178,-1,0,1,7,0
Shark Bay,-25.9,114,-4.63,0.740212849,0.740212849,0,0,0,5376,181,158,-1,0,1,7,0
Shark Bay,-25.28,113.97,-1,0.74005173,0.74005173,0,0,0,18,15,15,-1,0,1,7,0
Shark Bay,-25.28,113.97,-1.28,0.74005173,0.74005173,0,0,0,36,47,35,-1,0,1,7,0
Shark Bay,-25.28,113.97,-1.95,0.74005173,0.74005173,0,0,0,75,146,74,-1,0,1,7,0
Shark Bay,-25.28,113.97,-2.1,0.74005173,0.74005173,0,0,0,65,139,64,-1,0,1,7,0
Shark Bay,-25.28,113.97,-2.35,0.74005173,0.74005173,0,0,0,179,127,178,-1,0,1,7,0
Shark Bay,-25.28,113.97,-2.8,0.74005173,0.74005173,0,0,0,131,138,130,-1,0,1,7,0
Shark Bay,-25.28,113.97,-3.25,0.74005173,0.74005173,0,0,0,94,143,93,-1,0,1,7,0
Shark Bay,-25.28,113.97,-4.25,0.74005173,0.74005173,0,0,0,779,141,131,-1,0,1,7,0
Shark Bay,-25.28,113.97,-4.4,0.74005173,0.74005173,0,0,0,4032,203,198,-1,0,1,7,0
Shark Bay,-25.28,113.97,-4.65,0.74005173,0.74005173,0,0,0,6355,175,163,-1,0,1,7,0
Shark Bay,-25.28,113.97,-4.9,0.74005173,0.74005173,0,0,0,6465,175,172,-1,0,1,7,0
Shark Bay,-25.28,114,-2.2,0.740050554,0.740050554,0,0,0,62,132,61,-1,0,1,7,0
Shark Bay,-25.28,114,-5.02,0.740050554,0.740050554,0,0,0,709,151,141,-1,0,1,7,0
Shark Bay,-25.28,114,-6,0.740050554,0.740050554,0,0,0,1686,175,164,-1,0,1,7,0
Shark Bay,-25.77,114.09,-3.55,0.740164414,0.740164414,0,0,0,1100,150,150,-1,0,1,7,0
Shark Bay,-25.77,114.09,-4.1,0.740164414,0.740164414,0,0,0,1784,167,173,-1,0,1,7,0
Shark Bay,-25.77,114.09,-4.4,0.740164414,0.740164414,0,0,0,3508,174,154,-1,0,1,7,0
Shark Bay,-25.77,114.09,-4.65,0.740164414,0.740164414,0,0,0,3820,192,197,-1,0,1,7,0
Shark Bay,-25.77,114.09,-4.8,0.740164414,0.740164414,0,0,0,5704,180,147,-1,0,1,7,0
Shark Bay,-25.77,114.09,-5.15,0.740164414,0.740164414,0,0,0,6022,170,156,-1,0,1,7,0
Shark Bay,-26.39,114.17,0.15,0.561883816,0.561527758,0,0,0,287,200,286,0,0,1,7,0
Shark Bay,-26.39,114.17,0.19,0.561883816,0.561527758,0,0,0,516,108,177,0,0,1,7,0
Shark Bay,-26.39,114.17,0.25,0.561883816,0.561527758,0,0,0,558,90,53,0,0,1,7,0
Shark Bay,-26.39,114.17,0.3,0.561883816,0.561527758,0,0,0,551,93,50,0,0,1,7,0
Shark Bay,-26.39,114.17,0.35,0.561883816,0.561527758,0,0,0,1005,170,82,0,0,1,7,0
Shark Bay,-26.39,114.17,0.38,0.561883816,0.561527758,0,0,0,855,189,128,0,0,1,7,0
Shark Bay,-26.39,114.17,-0.075,0.571260381,0.57091017,0,0,0,513,120,187,0,0,1,7,0
Shark Bay,-26.39,114.17,-0.045,0.571260381,0.57091017,0,0,0,762,165,192,0,0,1,7,0
Shark Bay,-26.39,114.17,-0.055,0.571260381,0.57091017,0,0,0,771,183,198,0,0,1,7,0
Shark Bay,-26.39,114.17,-0.005,0.571260381,0.57091017,0,0,0,532,120,197,0,0,1,7,0
Shark Bay,-26.39,114.17,0.005,0.571260381,0.57091017,0,0,0,676,113,119,0,0,1,7,0
Shark Bay,-26.39,114.17,0.065,0.571260381,0.57091017,0,0,0,537,129,209,0,0,1,7,0
Shark Bay,-26.39,114.17,0.085,0.571260381,0.57091017,0,0,0,544,114,88,0,0,1,7,0
Shark Bay,-26.39,114.17,-0.525,0.571260381,0.57091017,0,0,0,816,236,243,0,0,1,7,0
Shark Bay,-26.39,114.17,-0.425,0.571260381,0.57091017,0,0,0,802,122,122,0,0,1,7,0
Shark Bay,-26.39,114.17,0.165,0.571260381,0.57091017,0,0,0,1000,177,201,0,0,1,7,0
Shark Bay,-26.39,114.17,0.11,0.561883816,0.561527758,0,0,0,498,129,175,0,0,1,7,0
Shark Bay,-26.39,114.17,0.12,0.561883816,0.561527758,0,0,0,676,113,119,0,0,1,7,0
Shark Bay,-26.39,114.17,0.2,0.561883816,0.561527758,0,0,0,1089,177,154,0,0,1,7,0
Shark Bay,-26.39,114.17,0.15,0.561883816,0.561527758,0,0,0,676,113,119,0,0,1,7,0
Shark Bay,-26.39,114.17,0.28,0.561883816,0.561527758,0,0,0,636,93,89,0,0,1,7,0
Shark Bay,-26.39,114.17,0.32,0.561883816,0.561527758,0,0,0,774,142,100,0,0,1,7,0
Shark Bay,-26.39,114.17,0.35,0.561883816,0.561527758,0,0,0,1100,169,142,0,0,1,7,0
Shark Bay,-26.39,114.17,0.38,0.561883816,0.561527758,0,0,0,792,129,112,0,0,1,7,0
Shark Bay,-26.35,113.98,-0.45,0.546074191,0.545707818,0,0,0,1324,191,146,0,0,1,7,0
Shark Bay,-26.35,113.98,-0.4,0.546074191,0.545707818,0,0,0,1394,140,104,0,0,1,7,0
Shark Bay,-26.35,113.98,-0.375,0.546074191,0.545707818,0,0,0,1559,174,191,0,0,1,7,0
Shark Bay,-26.35,113.98,-1.55,0.546074191,0.545707818,0,0,0,592,61,77,0,0,1,7,0
Shark Bay,-26.35,113.98,-1.25,0.546074191,0.545707818,0,0,0,747,167,88,0,0,1,7,0
Shark Bay,-26.35,113.98,-0.38,0.546074191,0.545707818,0,0,0,844,114,155,0,0,1,7,0
Shark Bay,-26.35,113.98,-0.4,0.546074191,0.545707818,0,0,0,850,110,162,0,0,1,7,0
Shark Bay,-26.39,114.17,0.11,1.375950007,1.375950007,0,0,0,600,70,86,0,0,1,7,0
Shark Bay,-26.39,114.17,0.0875,1.375950007,1.375950007,0,0,0,812,116,131,0,0,1,7,0
Shark Bay,-26.39,114.17,0.0625,1.375950007,1.375950007,0,0,0,498,129,175,0,0,1,7,0
Shark Bay,-26.39,114.17,0.0375,1.375950007,1.375950007,0,0,0,643,91,95,0,0,1,7,0
Shark Bay,-26.39,114.17,0,1.375950007,1.375950007,0,0,0,676,120,126,0,0,1,7,0
Shark Bay,-26.39,114.17,-0.05,1.375950007,1.375950007,0,0,0,676,120,126,0,0,1,7,0
Shark Bay,-26.39,114.17,-0.1025,1.375950007,1.375950007,0,0,0,841,84,103,0,0,1,7,0
Shark Bay,-26.39,114.17,-0.1625,1.375950007,1.375950007,0,0,0,733,173,164,0,0,1,7,0
Shark Bay,-26.385,114.164,0,0.514987728,0.514987728,0,0,0,61,161,60,-1,0,1,7,0
Shark Bay,-31.9,115.967,-3.7,0.515426098,0.515426098,0,0,0,7295,592,632,-1,0,1,7,0
Shark Bay,-31.9,115.967,3,0.515426098,0.515426098,0,0,0,3419,1858,1674,1,0,1,7,0
Houtman Abrolhos Islands,-28.45,113.75,14.7,14.00988691,14.00987264,0,0,0,6714,55,55,2,0,2,8,7
Houtman Abrolhos Islands,-28.45,113.75,13.8,14.00988691,14.00987264,0,0,0,7099,69,69,2,0,2,8,7
Houtman Abrolhos Islands,-28.45,113.75,10.9,14.00988691,14.00987264,0,0,0,7842,74,74,2,0,2,8,7
Houtman Abrolhos Islands,-28.45,113.75,8.5,14.00988691,14.00987264,0,0,0,8119,44,44,2,0,2,8,7
Houtman Abrolhos Islands,-28.45,113.75,5,14.00988691,14.00987264,0,0,0,7996,103,103,2,0,2,8,7
Houtman Abrolhos Islands,-28.45,113.75,1.9,14.00988691,14.00987264,0,0,0,8619,48,48,2,0,2,8,7
Houtman Abrolhos Islands,-28.45,113.75,-1.1,14.00988691,14.00987264,0,0,0,8990,171,171,2,0,2,8,7
Houtman Abrolhos Islands,-28.45,113.75,-3.8,14.00988691,14.00987264,0,0,0,9345,70,70,2,0,2,8,7
Houtman Abrolhos Islands,-28.45,113.75,-4.7,14.00988691,14.00987264,0,0,0,8655,327,203,2,0,2,8,7
Houtman Abrolhos Islands,-28.45,113.75,-7.5,14.00988691,14.00987264,0,0,0,9610,50,50,2,0,2,8,7
Houtman Abrolhos Islands,-28.45,113.75,-7.5,14.00988691,14.00987264,0,0,0,9480,50,50,2,0,2,8,7
Houtman Abrolhos Islands,-28.45,113.75,-7.5,14.00988691,14.00987264,0,0,0,9478,77,77,2,0,2,8,7
Houtman Abrolhos Islands,-28.45,113.75,-9,14.00988691,14.00987264,0,0,0,9800,95,95,2,0,2,8,7
Houtman Abrolhos Islands,-28.45,113.75,15.9,14.00988691,14.00987264,0,0,0,4671,82,82,2,0,2,8,7
Houtman Abrolhos Islands,-28.45,113.75,1.8,14.00988691,14.00987264,0,0,0,7099,40,40,2,0,2,8,7
Houtman Abrolhos Islands,-28.45,113.75,9.45,14.00997613,14.00996186,0,0,0,5802,75,75,2,0,2,8,7
Houtman Abrolhos Islands,-28.45,113.75,4.85,14.00997613,14.00996186,0,0,0,6357,37,37,2,0,2,8,7
Houtman Abrolhos Islands,-28.409,113.498,17.62,14.0211209,14.02110664,0,0,0,6832,34,34,2,0,2,8,7
Houtman Abrolhos Islands,-28.408,113.498,17.46,14.0211209,14.02110664,0,0,0,5825,30,30,2,0,2,8,7
Houtman Abrolhos Islands,-28.407,113.498,17.42,14.0211209,14.02110664,0,0,0,6919,33,33,2,0,2,8,7
Houtman Abrolhos Islands,-28.41,113.499,16.8,14.0211209,14.02110664,0,0,0,6323,23,23,2,0,2,8,7
Houtman Abrolhos Islands,-28.411,113.499,17.03,14.0211209,14.02110664,0,0,0,3867,28,28,2,0,2,8,7
Houtman Abrolhos Islands,-28.411,113.499,16.78,14.0211209,14.02110664,0,0,0,3831,33,33,2,0,2,8,7
Houtman Abrolhos Islands,-28.411,113.499,16.73,14.0211209,14.02110664,0,0,0,2335,13,13,2,0,2,8,7
Houtman Abrolhos Islands,-28.411,113.499,16.67,14.0211209,14.02110664,0,0,0,3226,56,56,2,0,2,8,7
Houtman Abrolhos Islands,-28.412,113.498,16.46,14.0211209,14.02110664,0,0,0,1058,10,10,2,0,2,8,7
Sandy Point,-30.07,115.01,6,1,1,0,0,0,1245,158,179,1,0,1,9,0
Sandland Island,-30.2,115.02,9,3,3,0,0,0,6082,201,174,1,0,1,9,0
Moore River,-31.31,115.51,25,5,5,0,0,0,5951,238,213,1,0,1,9,0
Rottnest Island,-32.01,115.52,1.7863,0.162244083,0.161006654,0,0,0,4932,340,107,0,0,1,10,0
Rottnest Island,-32.01,115.52,0.6863,0.162244083,0.161006654,0,0,0,1062,197,129,0,0,1,10,0
Rottnest Island,-32.01,115.52,2.0863,0.162244083,0.161006654,0,0,0,6142,147,147,0,0,1,10,0
Rottnest Island,-32.01,115.52,2.0863,0.162244083,0.161006654,0,0,0,5839,156,177,0,0,1,10,0
Rottnest Island,-32.01,115.52,0.3863,0.162244083,0.161006654,0,0,0,1547,177,182,0,0,1,10,0
Rottnest Island,-32.01,115.52,1.7863,0.162244083,0.161006654,0,0,0,3339,347,370,0,0,1,10,0
Rottnest Island,-32.01,115.52,0.4863,0.162244083,0.161006654,0,0,0,1418,191,233,0,0,1,10,0
Rottnest Island,-32.01,115.52,0.5863,0.162244083,0.161006654,0,0,0,1781,144,169,0,0,1,10,0
Rottnest Island,-31.997,115.543,0.7785,0.124942197,0.124942197,0,0,0,5685,582,614,-1,0,1,10,0
Rottnest Island,-31.997,115.543,0.7535,0.124942197,0.124942197,0,0,0,5758,1485,1542,-1,0,1,10,0
Rottnest Island,-31.997,115.543,1.3863,0.161006654,0.161006654,0,0,0,5900,1506,1567,0,0,1,10,0
Rottnest Island,-31.997,115.543,1.0535,0.124942197,0.124942197,0,0,0,5876,2310,2536,-1,0,1,10,0
Rottnest Island,-31.997,115.543,0.8285,0.124942197,0.124942197,0,0,0,6112,1379,1462,-1,0,1,10,0
Rottnest Island,-31.997,115.543,0.0885,0.124942197,0.124942197,0,0,0,6820,1599,1676,-1,0,1,10,0
Rottnest Island,-31.997,115.543,0.3035,0.124942197,0.124942197,0,0,0,6913,1051,1090,-1,0,1,10,0
Rottnest Island,-31.997,115.543,-0.2215,0.124942197,0.124942197,0,0,0,7032,601,650,-1,0,1,10,0
Rottnest Island,-31.997,115.543,0.7535,0.124942197,0.124942197,0,0,0,5212,908,957,-1,0,1,10,0
Rottnest Island,-31.997,115.543,0.8285,0.124942197,0.124942197,0,0,0,6119,1073,1086,-1,0,1,10,0
Becher Point,-32.37,115.72,4.6188,0.910068679,0.910068679,0,0,0,6515,426,395,1,0,1,11,0
Becher Point,-32.37,115.72,4.4188,0.866083137,0.866083137,0,0,0,5201,384,355,1,0,1,11,0
Becher Point,-32.377,115.737,2.1838,0.830722577,0.830722577,0,0,0,1430,130,122,1,0,1,11,0
Becher Point,-32.371,115.735,3.1288,0.830722577,0.830722577,0,0,0,2538,422,446,1,0,1,11,0
Becher Point,-32.372,115.735,2.7788,0.830722577,0.830722577,0,0,0,3430,470,540,1,0,1,11,0
Becher Point,-32.373,115.735,1.4438,0.830722577,0.830722577,0,0,0,4262,516,367,1,0,1,11,0
Becher Point,-32.376,115.737,1.0138,0.830722577,0.830722577,0,0,0,2282,402,173,1,0,1,11,0
Becher Point,-32.376,115.737,3.2888,0.830722577,0.830722577,0,0,0,3522,554,554,1,0,1,11,0
Becher Point,-32.373,115.731,3.0388,0.852994724,0.852994724,0,0,0,3079,299,314,1,0,1,11,0
Becher Point,-32.373,115.731,4.0388,0.830722577,0.830722577,0,0,0,1254,265,269,1,0,1,11,0
Becher Point,-32.373,115.731,1.9588,0.866083137,0.866083137,0,0,0,2189,681,759,1,0,1,11,0
Becher Point,-32.373,115.731,2.8388,0.842674314,0.842674314,0,0,0,2317,434,424,1,0,1,11,0
Becher Point,-32.373,115.731,3.1488,0.842674314,0.842674314,0,0,0,594,144,259,1,0,1,11,0
Becher Point,-32.373,115.731,2.7388,0.842674314,0.842674314,0,0,0,1481,395,378,1,0,1,11,0
Becher Point,-32.373,115.731,2.8638,0.842674314,0.842674314,0,0,0,2954,387,234,1,0,1,11,0
Becher Point,-32.373,115.731,2.7138,0.842674314,0.842674314,0,0,0,1956,446,438,1,0,1,11,0
Becher Point,-32.373,115.731,0.3388,0.842674314,0.842674314,0,0,0,2518,262,376,1,0,1,11,0
Becher Point,-32.373,115.731,1.2488,0.842674314,0.842674314,0,0,0,139,293,138,1,0,1,11,0
Becher Point,-32.373,115.731,1.1288,0.842674314,0.842674314,0,0,0,752,301,237,1,0,1,11,0
Becher Point,-32.373,115.731,0.4388,0.842674314,0.842674314,0,0,0,1061,229,260,1,0,1,11,0
Becher Point,-32.373,115.731,1.1438,0.842674314,0.842674314,0,0,0,608,114,93,1,0,1,11,0
Becher Point,-32.373,115.731,2.0388,0.842674314,0.842674314,0,0,0,1968,442,442,1,0,1,11,0
Becher Point,-32.373,115.731,1.4138,0.842674314,0.842674314,0,0,0,1152,149,189,1,0,1,11,0
Becher Point,-32.373,115.731,1.7388,0.838585118,0.838585118,0,0,0,733,171,161,1,0,1,11,0
Becher Point,-32.373,115.731,2.2388,0.866083137,0.866083137,0,0,0,2162,545,429,1,0,1,11,0
Becher Point,-32.373,115.731,2.0188,0.838585118,0.838585118,0,0,0,276,241,275,1,0,1,11,0
Becher/Rockingham,-32.28,115.71,2.27185,1.250079997,1.250079997,0,0,0,6474,422,474,0,0,1,11,0
Becher Point,-32.28,115.71,2.27185,1.172689217,1.172689217,0,0,0,6423,247,224,0,0,1,11,0
Becher Point,-32.28,115.71,1.77185,1.172689217,1.172689217,0,0,0,6179,217,244,0,0,1,11,0
Becher/Rockingham,-32.27,115.7,1.37185,0.904613177,0.904613177,0,0,0,4525,760,674,0,0,1,11,0
Becher/Rockingham,-32.27,115.7,0.37185,0.904613177,0.904613177,0,0,0,2844,542,662,0,0,1,11,0
Becher/Rockingham,-32.28,115.71,2.47185,1.250079997,1.250079997,0,0,0,7852,779,848,0,0,1,11,0
Becher Point,-32.28,115.71,2.37185,1.12282011,1.12282011,0,0,0,7254,220,299,0,0,1,11,0
Becher/Rockingham,-32.29,115.71,2.47185,1.250329956,1.250329956,0,0,0,7635,962,1134,0,0,1,11,0
Becher/Rockingham,-32.29,115.71,0.87185,1.250329956,1.250329956,0,0,0,3547,591,580,0,0,1,11,0
Becher/Rockingham,-32.29,115.71,-0.12815,1.250079997,1.250079997,0,0,0,523,354,522,0,0,1,11,0
Becher/Rockingham,-32.29,115.71,-0.12815,0.904613177,0.904613177,0,0,0,532,365,388,0,0,1,11,0
Becher/Rockingham,-32.29,115.71,-0.12815,0.904613177,0.904613177,0,0,0,1272,288,311,0,0,1,11,0
Becher Point,-32.39,115.74,1.47185,0.828085141,0.828085141,0,0,0,5043,258,198,0,0,1,11,0
Becher Point,-32.37,115.78,0.17185,0.828085141,0.828085141,0,0,0,1583,225,208,0,0,1,11,0
Becher Point,-32.28,115.71,0.57185,1.250079997,1.250079997,0,0,0,2873,273,148,0,0,1,11,0
Becher Point,-32.28,115.71,0.57185,0.904613177,0.904613177,0,0,0,2179,514,346,0,0,1,11,0
Becher Point,-32.28,115.71,0.82185,0.904613177,0.904613177,0,0,0,4269,603,696,0,0,1,11,0
Becher/Rockingham,-32.29,115.71,0.87185,0.904613177,0.904613177,0,0,0,2794,532,455,0,0,1,11,0
Becher/Rockingham,-32.29,115.71,-0.12815,0.904613177,0.904613177,0,0,0,1769,333,356,0,0,1,11,0
Becher/Rockingham,-32.29,115.71,-0.12815,0.904613177,0.904613177,0,0,0,579,335,294,0,0,1,11,0
Becher/Rockingham,-32.36,115.73,0.37185,0.90184533,0.90184533,0,0,0,3707,442,430,0,0,1,11,0
Bouvard Reefs,-32.46,115.75,2,0.572763442,0.572763442,0,0,0,5516,660,660,-1,0,1,11,0
Bouvard Reefs,-32.81,115.64,-2,0.572763442,0.572763442,0,0,0,7672,616,570,-1,0,1,11,0
Bouvard Reefs,-32.81,115.64,-2,0.572763442,0.572763442,0,0,0,7765,228,214,-1,0,1,11,0
Bouvard Reefs,-32.81,115.64,-6.12815,0.572763442,0.572763442,0,0,0,8164,691,583,0,0,1,11,0
Bouvard Reefs,-33.14,115.69,-1,0.572763442,0.572763442,0,0,0,6410,222,186,-1,0,1,11,0
Bouvard Reefs,-33.14,115.69,-1,0.572786173,0.572786173,0,0,0,6963,458,467,-1,0,1,11,0
Bouvard Reefs,-33.14,115.69,1.5,0.572786173,0.572786173,0,0,0,4232,272,251,-1,0,1,11,0
Peel-Harvey Estuary,-32.59,115.69,1,0.572776625,0.572776625,0,0,0,4718,241,270,-1,0,1,11,0
Peel-Harvey Estuary,-32.59,115.69,1.03,0.572776625,0.572776625,0,0,0,4893,313,278,-1,0,1,11,0
Peel-Harvey Estuary,-32.59,115.69,1.5,0.572776625,0.572776625,0,0,0,4987,329,403,-1,0,1,11,0
Peel-Harvey Estuary,-32.59,115.69,1.5,0.572776625,0.572776625,0,0,0,5114,197,244,-1,0,1,11,0
Peel-Harvey Estuary,-32.59,115.69,1.5,0.572776625,0.572776625,0,0,0,6135,144,136,-1,0,1,11,0
Peel-Harvey Estuary,-32.59,115.69,1.5,0.572776625,0.572776625,0,0,0,6946,615,635,-1,0,1,11,0
Peel-Harvey Estuary,-32.55,115.72,1,0.572776625,0.572776625,0,0,0,7228,704,776,-1,0,1,11,0
Peel-Harvey Estuary,-32.55,115.72,0.87,0.572776625,0.572776625,0,0,0,4811,493,493,-1,0,1,11,0
Peel-Harvey Estuary,-32.55,115.72,1.07,0.572776625,0.572776625,0,0,0,5433,164,344,-1,0,1,11,0
Peel-Harvey Estuary,-32.51,115.73,0.97825,1.124976916,1.124976916,0,0,0,6559,593,530,-1,0,1,11,0
Peel-Harvey Estuary,-32.51,115.73,0.97825,1.16824572,1.16824572,0,0,0,4893,573,591,-1,0,1,11,0
Peel-Harvey Estuary,-32.51,115.73,0.97825,1.143944302,1.143944302,0,0,0,4948,347,323,-1,0,1,11,0
Peel-Harvey Estuary,-32.51,115.73,0.97825,1.143944302,1.143944302,0,0,0,4904,307,248,-1,0,1,11,0
Minninup,-33.3,115.66,-1.761,0.242092059,0.242092059,0,0,0,6941,272,273,-1,0,1,12,0
Minninup,-33.3,115.66,-0.011,0.242092059,0.242092059,0,0,0,5587,255,251,-1,0,1,12,0
Minninup,-33.3,115.66,-0.511,0.12491322,0.12491322,0,0,0,6861,328,339,-1,0,1,12,0
Minninup,-33.3,115.66,2.8707,0.12491322,0.12491322,0,0,0,3954,194,227,0,0,1,12,0
Cape Naturaliste,-33.53,115.02,1.2753,0.606344366,0.606014431,0,0,0,5327,145,275,0,0,1,13,0
Cape Naturaliste,-33.53,115.02,1.2753,0.530365959,0.529988726,0,0,0,4681,148,154,0,0,1,13,0
Cape Naturaliste,-33.53,115.02,1.2753,0.530365959,0.529988726,0,0,0,1338,69,50,0,0,1,13,0
Cape Leeuwin,-33.371,115.135,1.07955,0.530267442,0.52989014,0,0,0,4308,113,204,0,0,1,13,0
Cape Leeuwin,-33.371,115.135,0.77955,0.530267442,0.52989014,0,0,0,3075,142,186,0,0,1,13,0
Northcliffe,-34.38,115.52,0,0.195342904,0.195342904,0,0,0,9272,261,273,1,0,1,13,0
Albany,-35.03,117.88,0.74365,0.52805178,0.52805178,0,0,0,1814,108,107,0,0,1,14,0
Albany,-35.03,117.88,0.64365,0.52805178,0.52805178,0,0,0,2937,228,182,0,0,1,14,0
Denmark,-34.96,117.35,1.1527,0.527004234,0.527004234,0,0,0,4346,175,193,0,0,1,14,0
Denmark,-34.96,117.35,0.2527,0.527004234,0.527004234,0,0,0,719,75,56,0,0,1,14,0
Esperance,-33.86,121.89,1.2178,0.53971124,0.53971124,0,0,0,4759,201,181,0,0,1,15,0
Esperance,-33.86,121.89,0.7178,0.53971124,0.53971124,0,0,0,2590,165,222,0,0,1,15,0
Esperance,-33.871,121.945,-15.37,0.714161046,0.714161046,0,0,0,5605,251,225,-1,0,1,15,0
Esperance,-33.871,121.945,-15.56,0.783478679,0.783478679,0,0,0,6849,225,210,-1,0,1,15,0
Esperance,-33.871,121.945,-15.73,0.783478679,0.783478679,0,0,0,6148,175,212,-1,0,1,15,0
Esperance,-33.957,121.941,-29.12,0.783478679,0.783478679,0,0,0,10590,307,318,-1,0,1,15,0
Esperance,-33.957,121.941,-28.5,0.783478679,0.783478679,0,0,0,7802,197,203,-1,0,1,15,0
Esperance,-33.98,121.994,-25.58,0.783478679,0.783478679,0,0,0,135,143,134,-1,0,1,15,0
Esperance,-33.98,121.994,-26.86,0.783478679,0.783478679,0,0,0,3711,210,224,-1,0,1,15,0
